0,1,client0,scan3,debloquer,[],0
2,3,client0,scan3,scanner,[5410188006711],0
4,5,client0,scan3,scanner,[3560070048786],0
6,7,client0,scan3,scanner,[7640164630021],-2
8,9,client0,scan3,supprimer,[5410188006711],0
10,11,client0,scan3,transmission,[caisse0],0
12,13,client0,scan3,abandon,[],?
14,15,client0,caisse0,ouvrirSession,[],0
16,17,client0,caisse0,ajouter,[7640164630021],0
18,19,client0,caisse0,fermerSession,[],0
20,21,client0,caisse0,payer,[267.93],37.16
22,23,client1,scan1,debloquer,[],0
24,25,client1,scan1,scanner,[5410188006711],0
26,27,client1,scan1,scanner,[45496420598],0
28,29,client1,scan1,scanner,[3570590109324],-2
30,31,client1,scan1,scanner,[3020120029030],0
32,33,client1,scan1,supprimer,[5410188006711],0
34,35,client1,scan1,scanner,[7640164630021],-2
36,37,client1,scan1,scanner,[3046920010856],0
38,39,client1,scan1,supprimer,[3046920010856],0
40,41,client1,scan1,transmission,[caisse3],0
42,43,client1,scan1,abandon,[],?
44,45,client1,caisse3,ouvrirSession,[],0
46,47,client1,caisse3,ajouter,[3570590109324],0
48,49,client1,caisse3,ajouter,[7640164630021],0
50,51,client1,caisse3,fermerSession,[],0
52,53,client1,caisse3,payer,[321.65999999999997],27.59
54,55,client2,scan2,debloquer,[],0
56,57,client2,scan2,scanner,[3020120029030],0
58,59,client2,scan2,scanner,[45496420598],0
60,61,client2,scan2,scanner,[7640164630021],-2
62,63,client2,scan2,scanner,[3560070976478],0
64,65,client2,scan2,scanner,[8718309259938],0
66,67,client2,scan2,supprimer,[3020120029030],0
68,69,client2,scan2,scanner,[3560070976478],0
70,71,client2,scan2,supprimer,[45496420598],0
72,73,client2,scan2,scanner,[3570590109324],-2
74,75,client2,scan2,supprimer,[3560070976478],0
76,77,client2,scan2,transmission,[caisse2],0
78,79,client2,scan2,abandon,[],?
80,81,client2,caisse2,ouvrirSession,[],0
82,83,client2,caisse2,ajouter,[7640164630021],0
84,85,client2,caisse2,ajouter,[3570590109324],0
86,87,client2,caisse2,fermerSession,[],0
88,89,client2,caisse2,payer,[243.97],0
90,91,client3,scan3,debloquer,[],0
92,93,client3,scan3,scanner,[3560070048786],0
94,95,client3,scan3,scanner,[3570590109324],-2
96,97,client3,scan3,scanner,[3520115810259],0
98,99,client3,scan3,scanner,[3570590109324],-2
100,101,client3,scan3,scanner,[3560070139675],0
102,103,client3,scan3,supprimer,[3520115810259],0
104,105,client3,scan3,supprimer,[3560070048786],0
106,107,client3,scan3,scanner,[7640164630021],-2
108,109,client3,scan3,transmission,[caisse1],0
110,111,client3,scan3,abandon,[],?
112,113,client3,caisse1,ouvrirSession,[],0
114,115,client3,caisse1,ajouter,[3570590109324],0
116,117,client3,caisse1,ajouter,[3570590109324],0
118,119,client3,caisse1,ajouter,[7640164630021],0
120,121,client3,caisse1,fermerSession,[],0
122,123,client3,caisse1,payer,[246.8],0
124,125,client4,scan2,debloquer,[],0
126,127,client4,scan2,scanner,[3245412567216],0
128,129,client4,scan2,scanner,[3270190022534],0
130,131,client4,scan2,scanner,[3570590109324],-2
132,133,client4,scan2,scanner,[5410188006711],0
134,135,client4,scan2,scanner,[45496420598],0
136,137,client4,scan2,scanner,[45496420598],0
138,139,client4,scan2,supprimer,[45496420598],0
140,141,client4,scan2,supprimer,[3270190022534],0
142,143,client4,scan2,supprimer,[5410188006711],0
144,145,client4,scan2,supprimer,[45496420598],0
146,147,client4,scan2,transmission,[caisse2],0
148,149,client4,scan2,abandon,[],?
150,151,client4,caisse2,ouvrirSession,[],0
152,153,client4,caisse2,ajouter,[3570590109324],0
154,155,client4,caisse2,fermerSession,[],0
156,157,client4,caisse2,payer,[44.54999999999999],35.6
158,159,client5,scan0,debloquer,[],0
160,161,client5,scan0,scanner,[3046920010856],0
162,163,client5,scan0,scanner,[3560070048786],0
164,165,client5,scan0,scanner,[3560070048786],0
166,167,client5,scan0,supprimer,[3560070048786],0
168,169,client5,scan0,scanner,[7640164630021],-2
170,171,client5,scan0,scanner,[3270190022534],0
172,173,client5,scan0,scanner,[3570590109324],-2
174,175,client5,scan0,scanner,[3520115810259],0
176,177,client5,scan0,scanner,[3570590109324],-2
178,179,client5,scan0,supprimer,[3520115810259],0
180,181,client5,scan0,supprimer,[3270190022534],0
182,183,client5,scan0,transmission,[caisse1],0
184,185,client5,scan0,abandon,[],?
186,187,client5,caisse1,ouvrirSession,[],0
188,189,client5,caisse1,ajouter,[7640164630021],0
190,191,client5,caisse1,ajouter,[3570590109324],0
192,193,client5,caisse1,ajouter,[3570590109324],0
194,195,client5,caisse1,fermerSession,[],0
196,197,client5,caisse1,payer,[284.90999999999997],37.17
198,199,client6,scan2,debloquer,[],0
200,201,client6,scan2,scanner,[3560070976478],0
202,203,client6,scan2,scanner,[3270190022534],0
204,205,client6,scan2,scanner,[3570590109324],-2
206,207,client6,scan2,scanner,[8715700110622],0
208,209,client6,scan2,scanner,[3270190022534],0
210,211,client6,scan2,supprimer,[3270190022534],0
212,213,client6,scan2,supprimer,[3560070976478],0
214,215,client6,scan2,supprimer,[3270190022534],0
216,217,client6,scan2,scanner,[3570590109324],-2
218,219,client6,scan2,transmission,[caisse2],0
220,221,client6,scan2,abandon,[],?
222,223,client6,caisse2,ouvrirSession,[],0
224,225,client6,caisse2,ajouter,[3570590109324],0
226,227,client6,caisse2,ajouter,[3570590109324],0
228,229,client6,caisse2,fermerSession,[],0
230,231,client6,caisse2,payer,[15.920000000000002],0
232,233,client7,scan1,debloquer,[],0
234,235,client7,scan1,scanner,[3560070139675],0
236,237,client7,scan1,scanner,[8718309259938],0
238,239,client7,scan1,scanner,[3520115810259],0
240,241,client7,scan1,scanner,[3560070139675],0
242,243,client7,scan1,scanner,[3245412567216],0
244,245,client7,scan1,supprimer,[8718309259938],0
246,247,client7,scan1,supprimer,[3245412567216],0
248,249,client7,scan1,scanner,[3520115810259],0
250,251,client7,scan1,supprimer,[3560070139675],0
252,253,client7,scan1,supprimer,[3560070139675],0
254,255,client7,scan1,supprimer,[3520115810259],0
256,257,client7,scan1,transmission,[caisse0],0
258,259,client7,scan1,abandon,[],?
260,261,client7,caisse0,payer,[8.489999999999997],0
262,263,client8,scan1,debloquer,[],0
264,265,client8,scan1,scanner,[3020120029030],0
266,267,client8,scan1,supprimer,[3020120029030],0
268,269,client8,scan1,scanner,[3245412567216],0
270,271,client8,scan1,transmission,[caisse2],0
272,273,client8,scan1,abandon,[],?
274,275,client8,caisse2,payer,[1.47],0
276,277,client9,scan3,debloquer,[],0
278,279,client9,scan3,scanner,[3017620402678],0
280,281,client9,scan3,scanner,[3270190022534],0
282,283,client9,scan3,scanner,[3020120029030],0
284,285,client9,scan3,supprimer,[3017620402678],0
286,287,client9,scan3,scanner,[3270190022534],0
288,289,client9,scan3,supprimer,[3270190022534],0
290,291,client9,scan3,transmission,[caisse3],0
292,293,client9,scan3,abandon,[],?
294,295,client9,caisse3,payer,[2.2799999999999994],0
296,297,client10,scan1,debloquer,[],0
298,299,client10,scan1,scanner,[3046920010856],0
300,301,client10,scan1,scanner,[8718309259938],0
302,303,client10,scan1,scanner,[3560070048786],0
304,305,client10,scan1,supprimer,[3046920010856],0
306,307,client10,scan1,supprimer,[8718309259938],0
308,309,client10,scan1,scanner,[8718309259938],0
310,311,client10,scan1,transmission,[caisse1],0
312,313,client10,scan1,abandon,[],?
314,315,client10,caisse1,payer,[5.5200000000000005],0
316,317,client11,scan2,debloquer,[],0
318,319,client11,scan2,scanner,[5410188006711],0
320,321,client11,scan2,scanner,[3245412567216],0
322,323,client11,scan2,supprimer,[5410188006711],0
324,325,client11,scan2,scanner,[3560071097424],0
326,327,client11,scan2,supprimer,[3245412567216],0
328,329,client11,scan2,transmission,[caisse3],0
330,331,client11,scan2,abandon,[],?
332,333,client11,caisse3,payer,[2.4000000000000004],0
334,335,client12,scan3,debloquer,[],0
336,337,client12,scan3,scanner,[3474377910724],0
338,339,client12,scan3,scanner,[3270190022534],0
340,341,client12,scan3,supprimer,[3474377910724],0
342,343,client12,scan3,scanner,[8715700110622],0
344,345,client12,scan3,transmission,[caisse2],0
346,347,client12,scan3,abandon,[],?
348,349,client12,caisse2,payer,[61.769999999999996],60.23
350,351,client13,scan0,debloquer,[],0
352,353,client13,scan0,scanner,[3017620402678],0
354,355,client13,scan0,scanner,[3046920010856],0
356,357,client13,scan0,scanner,[8715700110622],0
358,359,client13,scan0,scanner,[3474377910724],0
360,361,client13,scan0,scanner,[8718309259938],0
362,363,client13,scan0,supprimer,[3474377910724],0
364,365,client13,scan0,supprimer,[8718309259938],0
366,367,client13,scan0,scanner,[3245412567216],0
368,369,client13,scan0,supprimer,[3017620402678],0
370,371,client13,scan0,supprimer,[8715700110622],0
372,373,client13,scan0,supprimer,[3245412567216],0
374,375,client13,scan0,transmission,[caisse2],0
376,377,client13,scan0,abandon,[],?
378,379,client13,caisse2,payer,[2.009999999999998],0
380,381,client14,scan0,debloquer,[],0
382,383,client14,scan0,scanner,[3570590109324],-2
384,385,client14,scan0,scanner,[3046920010856],0
386,387,client14,scan0,scanner,[8715700110622],0
388,389,client14,scan0,scanner,[7640164630021],-2
390,391,client14,scan0,scanner,[7640164630021],-2
392,393,client14,scan0,scanner,[3520115810259],0
394,395,client14,scan0,supprimer,[3046920010856],0
396,397,client14,scan0,supprimer,[8715700110622],0
398,399,client14,scan0,transmission,[caisse2],1
400,401,client14,scan0,scanner,[3520115810259],0
402,403,client14,scan0,transmission,[caisse2],0
404,405,client14,scan0,abandon,[],?
406,407,client14,caisse2,ouvrirSession,[],0
408,409,client14,caisse2,ajouter,[3570590109324],0
410,411,client14,caisse2,ajouter,[7640164630021],0
412,413,client14,caisse2,ajouter,[7640164630021],0
414,415,client14,caisse2,fermerSession,[],0
416,417,client14,caisse2,payer,[544.4000000000001],68.63
418,419,client15,scan2,debloquer,[],0
420,421,client15,scan2,scanner,[3560071097424],0
422,423,client15,scan2,supprimer,[3560071097424],0
424,425,client15,scan2,scanner,[3560070139675],0
426,427,client15,scan2,scanner,[3017800238592],0
428,429,client15,scan2,scanner,[7640164630021],-2
430,431,client15,scan2,scanner,[3560070139675],0
432,433,client15,scan2,scanner,[7640164630021],-2
434,435,client15,scan2,transmission,[caisse2],1
436,437,client15,scan2,scanner,[3560070139675],0
438,439,client15,scan2,scanner,[3560071097424],-3
440,441,client15,scan2,abandon,[],?
442,443,client16,scan2,debloquer,[],0
444,445,client16,scan2,scanner,[3017620402678],0
446,447,client16,scan2,scanner,[3570590109324],-2
448,449,client16,scan2,scanner,[3560070139675],0
450,451,client16,scan2,supprimer,[3017620402678],0
452,453,client16,scan2,supprimer,[3560070139675],0
454,455,client16,scan2,scanner,[5410188006711],0
456,457,client16,scan2,transmission,[caisse0],1
458,459,client16,scan2,scanner,[5410188006711],0
460,461,client16,scan2,transmission,[caisse0],0
462,463,client16,scan2,abandon,[],?
464,465,client16,caisse0,ouvrirSession,[],0
466,467,client16,caisse0,ajouter,[3570590109324],0
468,469,client16,caisse0,fermerSession,[],0
470,471,client16,caisse0,payer,[44.25],34.62
472,473,client17,scan1,debloquer,[],0
474,475,client17,scan1,scanner,[3474377910724],0
476,477,client17,scan1,scanner,[7640164630021],-2
478,479,client17,scan1,scanner,[7640164630021],-2
480,481,client17,scan1,scanner,[3560070976478],0
482,483,client17,scan1,scanner,[3020120029030],0
484,485,client17,scan1,scanner,[3560071097424],0
486,487,client17,scan1,scanner,[3560070976478],0
488,489,client17,scan1,supprimer,[3560071097424],0
490,491,client17,scan1,supprimer,[3474377910724],0
492,493,client17,scan1,supprimer,[3020120029030],0
494,495,client17,scan1,supprimer,[3560070976478],0
496,497,client17,scan1,transmission,[caisse0],1
498,499,client17,scan1,scanner,[3017620402678],-3
500,501,client17,scan1,abandon,[],?
502,503,client18,scan2,debloquer,[],0
504,505,client18,scan2,scanner,[5410188006711],0
506,507,client18,scan2,supprimer,[5410188006711],0
508,509,client18,scan2,scanner,[7640164630021],-2
510,511,client18,scan2,scanner,[3245412567216],0
512,513,client18,scan2,transmission,[caisse1],1
514,515,client18,scan2,scanner,[3560070048786],-3
516,517,client18,scan2,abandon,[],?
518,519,client19,scan0,debloquer,[],0
520,521,client19,scan0,scanner,[3017620402678],0
522,523,client19,scan0,scanner,[3017800238592],0
524,525,client19,scan0,scanner,[7640164630021],-2
526,527,client19,scan0,scanner,[3046920010856],0
528,529,client19,scan0,supprimer,[3046920010856],0
530,531,client19,scan0,scanner,[5410188006711],0
532,533,client19,scan0,supprimer,[5410188006711],0
534,535,client19,scan0,supprimer,[3017620402678],0
536,537,client19,scan0,scanner,[3046920010856],0
538,539,client19,scan0,scanner,[3020120029030],0
540,541,client19,scan0,transmission,[caisse2],1
542,543,client19,scan0,scanner,[3017800238592],0
544,545,client19,scan0,scanner,[3046920010856],0
546,547,client19,scan0,scanner,[3560070139675],-3
548,549,client19,scan0,abandon,[],?
550,551,client20,scan1,debloquer,[],0
552,553,client20,scan1,scanner,[3474377910724],0
554,555,client20,scan1,scanner,[3245412567216],0
556,557,client20,scan1,scanner,[45496420598],0
558,559,client20,scan1,supprimer,[3245412567216],0
560,561,client20,scan1,supprimer,[45496420598],0
562,563,client20,scan1,scanner,[3570590109324],-2
564,565,client20,scan1,scanner,[3520115810259],0
566,567,client20,scan1,transmission,[caisse2],1
568,569,client20,scan1,scanner,[3474377910724],0
570,571,client20,scan1,scanner,[3520115810259],0
572,573,client20,scan1,transmission,[caisse2],0
574,575,client20,scan1,abandon,[],?
576,577,client20,caisse2,ouvrirSession,[],0
578,579,client20,caisse2,ajouter,[3570590109324],0
580,581,client20,caisse2,fermerSession,[],0
582,583,client20,caisse2,payer,[105.35],80.78
584,585,client21,scan2,debloquer,[],0
586,587,client21,scan2,scanner,[7640164630021],-2
588,589,client21,scan2,scanner,[8715700110622],0
590,591,client21,scan2,scanner,[3017620402678],0
592,593,client21,scan2,supprimer,[3017620402678],0
594,595,client21,scan2,scanner,[3020120029030],0
596,597,client21,scan2,scanner,[7640164630021],-2
598,599,client21,scan2,supprimer,[7640164630021],-2
600,601,client21,scan2,scanner,[3560071097424],0
602,603,client21,scan2,scanner,[3570590109324],-2
604,605,client21,scan2,supprimer,[7640164630021],-2
606,607,client21,scan2,transmission,[caisse3],0
608,609,client21,scan2,abandon,[],?
610,611,client21,caisse3,ouvrirSession,[],0
612,613,client21,caisse3,ajouter,[7640164630021],0
614,615,client21,caisse3,ajouter,[7640164630021],0
616,617,client21,caisse3,ajouter,[3570590109324],0
618,619,client21,caisse3,supprimer,[7640164630021],0
620,621,client21,caisse3,supprimer,[7640164630021],0
622,623,client21,caisse3,fermerSession,[],0
624,625,client21,caisse3,payer,[12.54000000000002],0
626,627,client22,scan3,debloquer,[],0
628,629,client22,scan3,scanner,[3474377910724],0
630,631,client22,scan3,scanner,[7640164630021],-2
632,633,client22,scan3,supprimer,[7640164630021],-2
634,635,client22,scan3,scanner,[3560070048786],0
636,637,client22,scan3,scanner,[3560070048786],0
638,639,client22,scan3,scanner,[3560070976478],0
640,641,client22,scan3,supprimer,[3560070048786],0
642,643,client22,scan3,scanner,[3270190022534],0
644,645,client22,scan3,scanner,[3560071097424],0
646,647,client22,scan3,scanner,[3570590109324],-2
648,649,client22,scan3,supprimer,[3560070976478],0
650,651,client22,scan3,supprimer,[3474377910724],0
652,653,client22,scan3,supprimer,[3560071097424],0
654,655,client22,scan3,transmission,[caisse3],0
656,657,client22,scan3,abandon,[],?
658,659,client22,caisse3,ouvrirSession,[],0
660,661,client22,caisse3,ajouter,[7640164630021],0
662,663,client22,caisse3,ajouter,[3570590109324],0
664,665,client22,caisse3,supprimer,[7640164630021],0
666,667,client22,caisse3,fermerSession,[],0
668,669,client22,caisse3,payer,[8.930000000000007],0
670,671,client23,scan2,debloquer,[],0
672,673,client23,scan2,scanner,[45496420598],0
674,675,client23,scan2,scanner,[3560070139675],0
676,677,client23,scan2,scanner,[5410188006711],0
678,679,client23,scan2,scanner,[3570590109324],-2
680,681,client23,scan2,scanner,[3270190022534],0
682,683,client23,scan2,scanner,[7640164630021],-2
684,685,client23,scan2,scanner,[45496420598],0
686,687,client23,scan2,scanner,[3570590109324],-2
688,689,client23,scan2,supprimer,[45496420598],0
690,691,client23,scan2,supprimer,[3570590109324],-2
692,693,client23,scan2,supprimer,[45496420598],0
694,695,client23,scan2,scanner,[3245412567216],0
696,697,client23,scan2,supprimer,[5410188006711],0
698,699,client23,scan2,supprimer,[3245412567216],0
700,701,client23,scan2,supprimer,[3270190022534],0
702,703,client23,scan2,supprimer,[7640164630021],-2
704,705,client23,scan2,supprimer,[3570590109324],-2
706,707,client23,scan2,transmission,[caisse0],0
708,709,client23,scan2,abandon,[],?
710,711,client23,caisse0,ouvrirSession,[],0
712,713,client23,caisse0,ajouter,[3570590109324],0
714,715,client23,caisse0,ajouter,[7640164630021],0
716,717,client23,caisse0,ajouter,[3570590109324],0
718,719,client23,caisse0,supprimer,[7640164630021],0
720,721,client23,caisse0,supprimer,[3570590109324],0
722,723,client23,caisse0,supprimer,[3570590109324],0
724,725,client23,caisse0,fermerSession,[],0
726,727,client23,caisse0,payer,[1.9400000000000048],0
728,729,client24,scan0,debloquer,[],0
730,731,client24,scan0,scanner,[7640164630021],-2
732,733,client24,scan0,scanner,[8718309259938],0
734,735,client24,scan0,scanner,[8715700110622],0
736,737,client24,scan0,scanner,[3017800238592],0
738,739,client24,scan0,supprimer,[3017800238592],0
740,741,client24,scan0,scanner,[3570590109324],-2
742,743,client24,scan0,scanner,[3017800238592],0
744,745,client24,scan0,scanner,[7640164630021],-2
746,747,client24,scan0,supprimer,[7640164630021],-2
748,749,client24,scan0,supprimer,[3017800238592],0
750,751,client24,scan0,supprimer,[3570590109324],-2
752,753,client24,scan0,supprimer,[8715700110622],0
754,755,client24,scan0,transmission,[caisse1],0
756,757,client24,scan0,abandon,[],?
758,759,client24,caisse1,ouvrirSession,[],0
760,761,client24,caisse1,ajouter,[7640164630021],0
762,763,client24,caisse1,ajouter,[3570590109324],0
764,765,client24,caisse1,ajouter,[7640164630021],0
766,767,client24,caisse1,supprimer,[3570590109324],0
768,769,client24,caisse1,supprimer,[7640164630021],0
770,771,client24,caisse1,fermerSession,[],0
772,773,client24,caisse1,payer,[234.55000000000004],0
774,775,client25,scan1,debloquer,[],0
776,777,client25,scan1,scanner,[3017620402678],0
778,779,client25,scan1,scanner,[3245412567216],0
780,781,client25,scan1,scanner,[3570590109324],-2
782,783,client25,scan1,scanner,[3474377910724],0
784,785,client25,scan1,scanner,[3046920010856],0
786,787,client25,scan1,supprimer,[3474377910724],0
788,789,client25,scan1,supprimer,[3046920010856],0
790,791,client25,scan1,scanner,[3017620402678],0
792,793,client25,scan1,scanner,[7640164630021],-2
794,795,client25,scan1,supprimer,[3017620402678],0
796,797,client25,scan1,supprimer,[3570590109324],-2
798,799,client25,scan1,supprimer,[7640164630021],-2
800,801,client25,scan1,transmission,[caisse3],0
802,803,client25,scan1,abandon,[],?
804,805,client25,caisse3,ouvrirSession,[],0
806,807,client25,caisse3,ajouter,[3570590109324],0
808,809,client25,caisse3,ajouter,[7640164630021],0
810,811,client25,caisse3,supprimer,[3570590109324],0
812,813,client25,caisse3,supprimer,[7640164630021],0
814,815,client25,caisse3,fermerSession,[],0
816,817,client25,caisse3,payer,[43.34999999999999],40.02
818,819,client26,scan3,debloquer,[],0
820,821,client26,scan3,scanner,[3570590109324],-2
822,823,client26,scan3,scanner,[7640164630021],-2
824,825,client26,scan3,scanner,[3570590109324],-2
826,827,client26,scan3,scanner,[3020120029030],0
828,829,client26,scan3,scanner,[3560071097424],0
830,831,client26,scan3,supprimer,[3020120029030],0
832,833,client26,scan3,supprimer,[3570590109324],-2
834,835,client26,scan3,transmission,[caisse2],0
836,837,client26,scan3,abandon,[],?
838,839,client26,caisse2,ouvrirSession,[],0
840,841,client26,caisse2,ajouter,[3570590109324],0
842,843,client26,caisse2,ajouter,[7640164630021],0
844,845,client26,caisse2,ajouter,[3570590109324],0
846,847,client26,caisse2,supprimer,[3570590109324],0
848,849,client26,caisse2,fermerSession,[],0
850,851,client26,caisse2,payer,[239.78],0
852,853,client27,scan1,debloquer,[],0
854,855,client27,scan1,scanner,[3270190022534],0
856,857,client27,scan1,scanner,[3570590109324],-2
858,859,client27,scan1,scanner,[5410188006711],0
860,861,client27,scan1,scanner,[45496420598],0
862,863,client27,scan1,scanner,[3017620402678],0
864,865,client27,scan1,scanner,[3570590109324],-2
866,867,client27,scan1,scanner,[3560070139675],0
868,869,client27,scan1,supprimer,[3017620402678],0
870,871,client27,scan1,supprimer,[3570590109324],-2
872,873,client27,scan1,scanner,[8715700110622],0
874,875,client27,scan1,supprimer,[8715700110622],0
876,877,client27,scan1,supprimer,[3570590109324],-2
878,879,client27,scan1,supprimer,[45496420598],0
880,881,client27,scan1,scanner,[3570590109324],-2
882,883,client27,scan1,supprimer,[3560070139675],0
884,885,client27,scan1,supprimer,[3270190022534],0
886,887,client27,scan1,transmission,[caisse3],0
888,889,client27,scan1,abandon,[],?
890,891,client27,caisse3,ouvrirSession,[],0
892,893,client27,caisse3,ajouter,[3570590109324],0
894,895,client27,caisse3,ajouter,[3570590109324],0
896,897,client27,caisse3,ajouter,[3570590109324],0
898,899,client27,caisse3,supprimer,[3570590109324],0
900,901,client27,caisse3,supprimer,[3570590109324],0
902,903,client27,caisse3,fermerSession,[],0
904,905,client27,caisse3,payer,[107.61000000000001],97.98
906,907,client28,scan2,debloquer,[],0
908,909,client28,scan2,scanner,[3560070048786],0
910,911,client28,scan2,scanner,[3046920010856],0
912,913,client28,scan2,scanner,[3520115810259],0
914,915,client28,scan2,scanner,[8718309259938],0
916,917,client28,scan2,scanner,[3017800238592],0
918,919,client28,scan2,supprimer,[8718309259938],0
920,921,client28,scan2,supprimer,[3560070048786],0
922,923,client28,scan2,supprimer,[3520115810259],0
924,925,client28,scan2,supprimer,[3017800238592],0
926,927,client28,scan2,transmission,[caisse0],1
928,929,client28,scan2,scanner,[3046920010856],0
930,931,client28,scan2,transmission,[caisse0],0
932,933,client28,scan2,abandon,[],?
934,935,client28,caisse0,payer,[95.27000000000001],93.26
936,937,client29,scan2,debloquer,[],0
938,939,client29,scan2,scanner,[3020120029030],0
940,941,client29,scan2,scanner,[3046920010856],0
942,943,client29,scan2,scanner,[8718309259938],0
944,945,client29,scan2,scanner,[3017800238592],0
946,947,client29,scan2,supprimer,[3017800238592],0
948,949,client29,scan2,scanner,[8718309259938],0
950,951,client29,scan2,supprimer,[3020120029030],0
952,953,client29,scan2,supprimer,[8718309259938],0
954,955,client29,scan2,supprimer,[3046920010856],0
956,957,client29,scan2,scanner,[3474377910724],0
958,959,client29,scan2,transmission,[caisse3],1
960,961,client29,scan2,scanner,[8718309259938],0
962,963,client29,scan2,scanner,[3560070976478],-3
964,965,client29,scan2,abandon,[],?
966,967,client30,scan1,debloquer,[],0
968,969,client30,scan1,scanner,[3017620402678],0
970,971,client30,scan1,scanner,[3560070976478],0
972,973,client30,scan1,scanner,[3560070048786],0
974,975,client30,scan1,scanner,[3046920010856],0
976,977,client30,scan1,scanner,[3017620402678],0
978,979,client30,scan1,supprimer,[3017620402678],0
980,981,client30,scan1,supprimer,[3560070976478],0
982,983,client30,scan1,scanner,[3560070048786],0
984,985,client30,scan1,supprimer,[3046920010856],0
986,987,client30,scan1,supprimer,[3017620402678],0
988,989,client30,scan1,supprimer,[3560070048786],0
990,991,client30,scan1,transmission,[caisse0],1
992,993,client30,scan1,scanner,[3560070048786],0
994,995,client30,scan1,transmission,[caisse0],0
996,997,client30,scan1,abandon,[],?
998,999,client30,caisse0,payer,[0.8699999999999987],0
1000,1001,client31,scan3,debloquer,[],0
1002,1003,client31,scan3,scanner,[3560070048786],0
1004,1005,client31,scan3,supprimer,[3560070048786],0
1006,1007,client31,scan3,scanner,[3017800238592],0
1008,1009,client31,scan3,transmission,[caisse0],1
1010,1011,client31,scan3,scanner,[5410188006711],-3
1012,1013,client31,scan3,abandon,[],?
1014,1015,client32,scan1,debloquer,[],0
1016,1017,client32,scan1,scanner,[3520115810259],0
1018,1019,client32,scan1,supprimer,[3520115810259],0
1020,1021,client32,scan1,scanner,[3017800238592],0
1022,1023,client32,scan1,transmission,[caisse3],1
1024,1025,client32,scan1,scanner,[3560071097424],-3
1026,1027,client32,scan1,abandon,[],?
1028,1029,client33,scan1,debloquer,[],0
1030,1031,client33,scan1,scanner,[3017800238592],0
1032,1033,client33,scan1,supprimer,[3017800238592],0
1034,1035,client33,scan1,scanner,[3046920010856],0
1036,1037,client33,scan1,transmission,[caisse0],1
1038,1039,client33,scan1,scanner,[3046920010856],0
1040,1041,client33,scan1,transmission,[caisse0],0
1042,1043,client33,scan1,abandon,[],?
1044,1045,client33,caisse0,payer,[2.01],0
1046,1047,client34,scan3,debloquer,[],0
1048,1049,client34,scan3,scanner,[3017620402678],0
1050,1051,client34,scan3,scanner,[8715700110622],0
1052,1053,client34,scan3,scanner,[3520115810259],0
1054,1055,client34,scan3,scanner,[3046920010856],0
1056,1057,client34,scan3,supprimer,[8715700110622],0
1058,1059,client34,scan3,scanner,[3245412567216],0
1060,1061,client34,scan3,supprimer,[3520115810259],0
1062,1063,client34,scan3,supprimer,[3245412567216],0
1064,1065,client34,scan3,supprimer,[3017620402678],0
1066,1067,client34,scan3,transmission,[caisse2],1
1068,1069,client34,scan3,scanner,[3560070976478],-3
1070,1071,client34,scan3,abandon,[],?
1072,1073,client35,scan0,debloquer,[],0
1074,1075,client35,scan0,scanner,[3046920010856],0
1076,1077,client35,scan0,scanner,[3560070139675],0
1078,1079,client35,scan0,scanner,[3474377910724],0
1080,1081,client35,scan0,scanner,[3046920010856],0
1082,1083,client35,scan0,transmission,[caisse2],1
1084,1085,client35,scan0,scanner,[3046920010856],0
1086,1087,client35,scan0,scanner,[3560070139675],0
1088,1089,client35,scan0,scanner,[3474377910724],0
1090,1091,client35,scan0,scanner,[3046920010856],0
1092,1093,client35,scan0,transmission,[caisse2],0
1094,1095,client35,scan0,abandon,[],?
1096,1097,client35,caisse2,payer,[14.559999999999999],0
1098,1099,client36,scan2,debloquer,[],0
1100,1101,client36,scan2,scanner,[3245412567216],0
1102,1103,client36,scan2,scanner,[8715700110622],0
1104,1105,client36,scan2,scanner,[3474377910724],0
1106,1107,client36,scan2,scanner,[5410188006711],0
1108,1109,client36,scan2,scanner,[3017800238592],0
1110,1111,client36,scan2,transmission,[caisse3],1
1112,1113,client36,scan2,scanner,[3245412567216],0
1114,1115,client36,scan2,scanner,[8715700110622],0
1116,1117,client36,scan2,scanner,[3474377910724],0
1118,1119,client36,scan2,scanner,[5410188006711],0
1120,1121,client36,scan2,scanner,[3017800238592],0
1122,1123,client36,scan2,transmission,[caisse3],0
1124,1125,client36,scan2,abandon,[],?
1126,1127,client36,caisse3,payer,[51.629999999999995],36.25
1128,1129,client37,scan3,debloquer,[],0
1130,1131,client37,scan3,scanner,[8718309259938],0
1132,1133,client37,scan3,scanner,[3020120029030],0
1134,1135,client37,scan3,transmission,[caisse2],1
1136,1137,client37,scan3,scanner,[8718309259938],0
1138,1139,client37,scan3,scanner,[3020120029030],0
1140,1141,client37,scan3,transmission,[caisse2],0
1142,1143,client37,scan3,abandon,[],?
1144,1145,client37,caisse2,payer,[6.3500000000000005],0
1146,1147,client38,scan1,debloquer,[],0
1148,1149,client38,scan1,scanner,[8715700110622],0
1150,1151,client38,scan1,scanner,[3474377910724],0
1152,1153,client38,scan1,scanner,[3270190022534],0
1154,1155,client38,scan1,scanner,[3560070048786],0
1156,1157,client38,scan1,scanner,[3017620402678],0
1158,1159,client38,scan1,scanner,[5410188006711],0
1160,1161,client38,scan1,transmission,[caisse0],1
1162,1163,client38,scan1,scanner,[8715700110622],0
1164,1165,client38,scan1,scanner,[3474377910724],0
1166,1167,client38,scan1,scanner,[3270190022534],0
1168,1169,client38,scan1,scanner,[3560070048786],0
1170,1171,client38,scan1,scanner,[3017620402678],0
1172,1173,client38,scan1,scanner,[5410188006711],0
1174,1175,client38,scan1,transmission,[caisse0],0
1176,1177,client38,scan1,abandon,[],?
1178,1179,client38,caisse0,payer,[15.019999999999998],0
1180,1181,client39,scan0,debloquer,[],0
1182,1183,client39,scan0,scanner,[3270190022534],0
1184,1185,client39,scan0,scanner,[8718309259938],0
1186,1187,client39,scan0,scanner,[3017620402678],0
1188,1189,client39,scan0,scanner,[3560070139675],0
1190,1191,client39,scan0,scanner,[3560071097424],0
1192,1193,client39,scan0,transmission,[caisse1],1
1194,1195,client39,scan0,scanner,[3270190022534],0
1196,1197,client39,scan0,scanner,[8718309259938],0
1198,1199,client39,scan0,scanner,[3017620402678],0
1200,1201,client39,scan0,scanner,[3560070139675],0
1202,1203,client39,scan0,scanner,[3560071097424],0
1204,1205,client39,scan0,transmission,[caisse1],0
1206,1207,client39,scan0,abandon,[],?
1208,1209,client39,caisse1,payer,[11.430000000000001],0
1210,1211,client40,scan2,debloquer,[],0
1212,1213,client40,scan2,scanner,[3560070139675],0
1214,1215,client40,scan2,scanner,[3560071097424],0
1216,1217,client40,scan2,scanner,[3017620402678],0
1218,1219,client40,scan2,scanner,[3020120029030],0
1220,1221,client40,scan2,scanner,[3560070976478],0
1222,1223,client40,scan2,transmission,[caisse3],1
1224,1225,client40,scan2,scanner,[3560070139675],0
1226,1227,client40,scan2,scanner,[3560071097424],0
1228,1229,client40,scan2,scanner,[3017620402678],0
1230,1231,client40,scan2,scanner,[3020120029030],0
1232,1233,client40,scan2,scanner,[3560070976478],0
1234,1235,client40,scan2,transmission,[caisse3],0
1236,1237,client40,scan2,abandon,[],?
1238,1239,client40,caisse3,payer,[9.84],0
1240,1241,client41,scan1,debloquer,[],0
1242,1243,client41,scan1,scanner,[8718309259938],0
1244,1245,client41,scan1,scanner,[3245412567216],0
1246,1247,client41,scan1,scanner,[5410188006711],0
1248,1249,client41,scan1,transmission,[caisse2],1
1250,1251,client41,scan1,scanner,[8718309259938],0
1252,1253,client41,scan1,scanner,[3245412567216],0
1254,1255,client41,scan1,scanner,[5410188006711],0
1256,1257,client41,scan1,transmission,[caisse2],0
1258,1259,client41,scan1,abandon,[],?
1260,1261,client41,caisse2,payer,[8.27],0
1262,1263,client42,scan1,debloquer,[],0
1264,1265,client42,scan1,scanner,[3017620402678],0
1266,1267,client42,scan1,scanner,[3017620402678],0
1268,1269,client42,scan1,transmission,[caisse0],1
1270,1271,client42,scan1,scanner,[3017620402678],0
1272,1273,client42,scan1,scanner,[3017620402678],0
1274,1275,client42,scan1,transmission,[caisse0],0
1276,1277,client42,scan1,abandon,[],?
1278,1279,client42,caisse0,payer,[31.509999999999998],27.79
1280,1281,client43,scan0,debloquer,[],0
1282,1283,client43,scan0,scanner,[3560070048786],0
1284,1285,client43,scan0,scanner,[3046920010856],0
1286,1287,client43,scan0,scanner,[3520115810259],0
1288,1289,client43,scan0,scanner,[3046920010856],0
1290,1291,client43,scan0,transmission,[caisse2],1
1292,1293,client43,scan0,scanner,[3560070048786],0
1294,1295,client43,scan0,scanner,[3046920010856],0
1296,1297,client43,scan0,scanner,[3520115810259],0
1298,1299,client43,scan0,scanner,[3046920010856],0
1300,1301,client43,scan0,transmission,[caisse2],0
1302,1303,client43,scan0,abandon,[],?
1304,1305,client43,caisse2,payer,[13.38],0
1306,1307,client44,scan2,debloquer,[],0
1308,1309,client44,scan2,scanner,[3020120029030],0
1310,1311,client44,scan2,scanner,[45496420598],0
1312,1313,client44,scan2,scanner,[8715700110622],0
1314,1315,client44,scan2,scanner,[3520115810259],0
1316,1317,client44,scan2,scanner,[3270190022534],0
1318,1319,client44,scan2,transmission,[caisse3],1
1320,1321,client44,scan2,scanner,[3020120029030],0
1322,1323,client44,scan2,scanner,[45496420598],0
1324,1325,client44,scan2,scanner,[8715700110622],0
1326,1327,client44,scan2,scanner,[3520115810259],0
1328,1329,client44,scan2,scanner,[3270190022534],0
1330,1331,client44,scan2,transmission,[caisse3],0
1332,1333,client44,scan2,abandon,[],?
1334,1335,client44,caisse3,payer,[68.45],1.73
1336,1337,client45,scan3,debloquer,[],0
1338,1339,client45,scan3,scanner,[3046920010856],0
1340,1341,client45,scan3,scanner,[3017620402678],0
1342,1343,client45,scan3,transmission,[caisse2],1
1344,1345,client45,scan3,scanner,[3046920010856],0
1346,1347,client45,scan3,scanner,[3017620402678],0
1348,1349,client45,scan3,transmission,[caisse2],0
1350,1351,client45,scan3,abandon,[],?
1352,1353,client45,caisse2,payer,[38.47],34.6
1354,1355,client46,scan1,debloquer,[],0
1356,1357,client46,scan1,scanner,[3474377910724],0
1358,1359,client46,scan1,scanner,[3017800238592],0
1360,1361,client46,scan1,scanner,[3560070139675],0
1362,1363,client46,scan1,transmission,[caisse0],1
1364,1365,client46,scan1,scanner,[3474377910724],0
1366,1367,client46,scan1,scanner,[3017800238592],0
1368,1369,client46,scan1,scanner,[3560070139675],0
1370,1371,client46,scan1,transmission,[caisse0],0
1372,1373,client46,scan1,abandon,[],?
1374,1375,client46,caisse0,payer,[12.74],0
1376,1377,client47,scan2,debloquer,[],0
1378,1379,client47,scan2,scanner,[3520115810259],0
1380,1381,client47,scan2,scanner,[3245412567216],0
1382,1383,client47,scan2,scanner,[3520115810259],0
1384,1385,client47,scan2,transmission,[caisse2],1
1386,1387,client47,scan2,scanner,[3520115810259],0
1388,1389,client47,scan2,scanner,[3245412567216],0
1390,1391,client47,scan2,scanner,[3520115810259],0
1392,1393,client47,scan2,transmission,[caisse2],0
1394,1395,client47,scan2,abandon,[],?
1396,1397,client47,caisse2,payer,[42.31],23.86
1398,1399,client48,scan3,debloquer,[],0
1400,1401,client48,scan3,scanner,[3245412567216],0
1402,1403,client48,scan3,scanner,[3017620402678],0
1404,1405,client48,scan3,scanner,[3245412567216],0
1406,1407,client48,scan3,scanner,[3020120029030],0
1408,1409,client48,scan3,transmission,[caisse2],1
1410,1411,client48,scan3,scanner,[3245412567216],0
1412,1413,client48,scan3,scanner,[3017620402678],0
1414,1415,client48,scan3,scanner,[3245412567216],0
1416,1417,client48,scan3,scanner,[3020120029030],0
1418,1419,client48,scan3,transmission,[caisse2],0
1420,1421,client48,scan3,abandon,[],?
1422,1423,client48,caisse2,payer,[44.08],37.58
1424,1425,client49,scan1,debloquer,[],0
1426,1427,client49,scan1,scanner,[3046920010856],0
1428,1429,client49,scan1,scanner,[3245412567216],0
1430,1431,client49,scan1,scanner,[3570590109324],-2
1432,1433,client49,scan1,scanner,[7640164630021],-2
1434,1435,client49,scan1,transmission,[caisse1],1
1436,1437,client49,scan1,scanner,[3046920010856],0
1438,1439,client49,scan1,scanner,[3245412567216],0
1440,1441,client49,scan1,transmission,[caisse1],0
1442,1443,client49,scan1,abandon,[],?
1444,1445,client49,caisse1,ouvrirSession,[],0
1446,1447,client49,caisse1,ajouter,[3570590109324],0
1448,1449,client49,caisse1,ajouter,[7640164630021],0
1450,1451,client49,caisse1,fermerSession,[],0
1452,1453,client49,caisse1,payer,[265.47],24.61
1454,1455,client50,scan2,debloquer,[],0
1456,1457,client50,scan2,scanner,[3245412567216],0
1458,1459,client50,scan2,scanner,[3017800238592],0
1460,1461,client50,scan2,scanner,[3570590109324],-2
1462,1463,client50,scan2,transmission,[caisse2],1
1464,1465,client50,scan2,scanner,[3245412567216],0
1466,1467,client50,scan2,scanner,[3017800238592],0
1468,1469,client50,scan2,transmission,[caisse2],0
1470,1471,client50,scan2,abandon,[],?
1472,1473,client50,caisse2,ouvrirSession,[],0
1474,1475,client50,caisse2,ajouter,[3570590109324],0
1476,1477,client50,caisse2,fermerSession,[],0
1478,1479,client50,caisse2,payer,[11.15],0
1480,1481,client51,scan3,debloquer,[],0
1482,1483,client51,scan3,scanner,[3270190022534],0
1484,1485,client51,scan3,scanner,[3570590109324],-2
1486,1487,client51,scan3,scanner,[3017620402678],0
1488,1489,client51,scan3,scanner,[8715700110622],0
1490,1491,client51,scan3,scanner,[7640164630021],-2
1492,1493,client51,scan3,scanner,[7640164630021],-2
1494,1495,client51,scan3,scanner,[3046920010856],0
1496,1497,client51,scan3,transmission,[caisse1],1
1498,1499,client51,scan3,scanner,[3270190022534],0
1500,1501,client51,scan3,scanner,[3017620402678],0
1502,1503,client51,scan3,scanner,[8715700110622],0
1504,1505,client51,scan3,scanner,[3046920010856],0
1506,1507,client51,scan3,transmission,[caisse1],0
1508,1509,client51,scan3,abandon,[],?
1510,1511,client51,caisse1,ouvrirSession,[],0
1512,1513,client51,caisse1,ajouter,[3570590109324],0
1514,1515,client51,caisse1,ajouter,[7640164630021],0
1516,1517,client51,caisse1,ajouter,[7640164630021],0
1518,1519,client51,caisse1,fermerSession,[],0
1520,1521,client51,caisse1,payer,[472.69],0
1522,1523,client52,scan1,debloquer,[],0
1524,1525,client52,scan1,scanner,[7640164630021],-2
1526,1527,client52,scan1,scanner,[3560071097424],0
1528,1529,client52,scan1,scanner,[3560071097424],0
1530,1531,client52,scan1,scanner,[3560071097424],0
1532,1533,client52,scan1,transmission,[caisse1],1
1534,1535,client52,scan1,scanner,[3560071097424],0
1536,1537,client52,scan1,scanner,[3560071097424],0
1538,1539,client52,scan1,scanner,[3560071097424],0
1540,1541,client52,scan1,transmission,[caisse1],0
1542,1543,client52,scan1,abandon,[],?
1544,1545,client52,caisse1,ouvrirSession,[],0
1546,1547,client52,caisse1,ajouter,[7640164630021],0
1548,1549,client52,caisse1,fermerSession,[],0
1550,1551,client52,caisse1,payer,[237.10000000000002],0
1552,1553,client53,scan2,debloquer,[],0
1554,1555,client53,scan2,scanner,[3570590109324],-2
1556,1557,client53,scan2,scanner,[3560070139675],0
1558,1559,client53,scan2,scanner,[3570590109324],-2
1560,1561,client53,scan2,scanner,[3560070976478],0
1562,1563,client53,scan2,scanner,[3020120029030],0
1564,1565,client53,scan2,scanner,[3570590109324],-2
1566,1567,client53,scan2,transmission,[caisse0],1
1568,1569,client53,scan2,scanner,[3560070139675],0
1570,1571,client53,scan2,scanner,[3560070976478],0
1572,1573,client53,scan2,scanner,[3020120029030],0
1574,1575,client53,scan2,transmission,[caisse0],0
1576,1577,client53,scan2,abandon,[],?
1578,1579,client53,caisse0,ouvrirSession,[],0
1580,1581,client53,caisse0,ajouter,[3570590109324],0
1582,1583,client53,caisse0,ajouter,[3570590109324],0
1584,1585,client53,caisse0,ajouter,[3570590109324],0
1586,1587,client53,caisse0,fermerSession,[],0
1588,1589,client53,caisse0,payer,[28.02],0
1590,1591,client54,scan1,debloquer,[],0
1592,1593,client54,scan1,scanner,[3570590109324],-2
1594,1595,client54,scan1,scanner,[8718309259938],0
1596,1597,client54,scan1,scanner,[3570590109324],-2
1598,1599,client54,scan1,scanner,[3560070139675],0
1600,1601,client54,scan1,scanner,[3270190022534],0
1602,1603,client54,scan1,scanner,[3017620402678],0
1604,1605,client54,scan1,scanner,[3020120029030],0
1606,1607,client54,scan1,transmission,[caisse3],1
1608,1609,client54,scan1,scanner,[8718309259938],0
1610,1611,client54,scan1,scanner,[3560070139675],0
1612,1613,client54,scan1,scanner,[3270190022534],0
1614,1615,client54,scan1,scanner,[3017620402678],0
1616,1617,client54,scan1,scanner,[3020120029030],0
1618,1619,client54,scan1,transmission,[caisse3],0
1620,1621,client54,scan1,abandon,[],?
1622,1623,client54,caisse3,ouvrirSession,[],0
1624,1625,client54,caisse3,ajouter,[3570590109324],0
1626,1627,client54,caisse3,ajouter,[3570590109324],0
1628,1629,client54,caisse3,fermerSession,[],0
1630,1631,client54,caisse3,payer,[25.689999999999998],0
1632,1633,client55,scan1,debloquer,[],0
1634,1635,client55,scan1,scanner,[3560071097424],0
1636,1637,client55,scan1,scanner,[7640164630021],-2
1638,1639,client55,scan1,scanner,[3560070139675],0
1640,1641,client55,scan1,scanner,[3020120029030],0
1642,1643,client55,scan1,scanner,[3560070139675],0
1644,1645,client55,scan1,scanner,[3570590109324],-2
1646,1647,client55,scan1,scanner,[3270190022534],0
1648,1649,client55,scan1,scanner,[3017800238592],0
1650,1651,client55,scan1,scanner,[7640164630021],-2
1652,1653,client55,scan1,transmission,[caisse2],1
1654,1655,client55,scan1,scanner,[3560071097424],0
1656,1657,client55,scan1,scanner,[3560070139675],0
1658,1659,client55,scan1,scanner,[3020120029030],0
1660,1661,client55,scan1,scanner,[3560070139675],0
1662,1663,client55,scan1,scanner,[3270190022534],0
1664,1665,client55,scan1,scanner,[3017800238592],0
1666,1667,client55,scan1,transmission,[caisse2],0
1668,1669,client55,scan1,abandon,[],?
1670,1671,client55,caisse2,ouvrirSession,[],0
1672,1673,client55,caisse2,ajouter,[7640164630021],0
1674,1675,client55,caisse2,ajouter,[3570590109324],0
1676,1677,client55,caisse2,ajouter,[7640164630021],0
1678,1679,client55,caisse2,fermerSession,[],0
1680,1681,client55,caisse2,payer,[513.01],34.97
1682,1683,client56,scan0,debloquer,[],0
1684,1685,client56,scan0,scanner,[3520115810259],0
1686,1687,client56,scan0,scanner,[8715700110622],0
1688,1689,client56,scan0,scanner,[3017800238592],0
1690,1691,client56,scan0,scanner,[8718309259938],0
1692,1693,client56,scan0,transmission,[caisse0],1
1694,1695,client56,scan0,scanner,[3520115810259],0
1696,1697,client56,scan0,scanner,[8715700110622],0
1698,1699,client56,scan0,scanner,[3017800238592],0
1700,1701,client56,scan0,scanner,[3270190022534],-3
1702,1703,client56,scan0,abandon,[],?
1704,1705,client57,scan3,debloquer,[],0
1706,1707,client57,scan3,scanner,[45496420598],0
1708,1709,client57,scan3,scanner,[3270190022534],0
1710,1711,client57,scan3,scanner,[3245412567216],0
1712,1713,client57,scan3,scanner,[45496420598],0
1714,1715,client57,scan3,scanner,[3046920010856],0
1716,1717,client57,scan3,transmission,[caisse3],1
1718,1719,client57,scan3,scanner,[45496420598],0
1720,1721,client57,scan3,scanner,[3520115810259],-3
1722,1723,client57,scan3,abandon,[],?
1724,1725,client58,scan3,debloquer,[],0
1726,1727,client58,scan3,scanner,[3560071097424],0
1728,1729,client58,scan3,scanner,[3560070048786],0
1730,1731,client58,scan3,scanner,[3520115810259],0
1732,1733,client58,scan3,scanner,[3560070139675],0
1734,1735,client58,scan3,scanner,[3046920010856],0
1736,1737,client58,scan3,scanner,[8715700110622],0
1738,1739,client58,scan3,transmission,[caisse3],1
1740,1741,client58,scan3,scanner,[3560071097424],0
1742,1743,client58,scan3,scanner,[3560070048786],0
1744,1745,client58,scan3,scanner,[3520115810259],0
1746,1747,client58,scan3,scanner,[3560070139675],0
1748,1749,client58,scan3,scanner,[3046920010856],0
1750,1751,client58,scan3,scanner,[8715700110622],0
1752,1753,client58,scan3,transmission,[caisse3],0
1754,1755,client58,scan3,abandon,[],?
1756,1757,client58,caisse3,payer,[16.669999999999998],0
1758,1759,client59,scan0,debloquer,[],0
1760,1761,client59,scan0,scanner,[3017800238592],0
1762,1763,client59,scan0,scanner,[3520115810259],0
1764,1765,client59,scan0,scanner,[3017620402678],0
1766,1767,client59,scan0,transmission,[caisse1],1
1768,1769,client59,scan0,scanner,[3017800238592],0
1770,1771,client59,scan0,scanner,[3017800238592],-3
1772,1773,client59,scan0,abandon,[],?
1774,1775,client60,scan2,debloquer,[],0
1776,1777,client60,scan2,scanner,[5410188006711],0
1778,1779,client60,scan2,scanner,[3560071097424],0
1780,1781,client60,scan2,transmission,[caisse0],1
1782,1783,client60,scan2,scanner,[5410188006711],0
1784,1785,client60,scan2,scanner,[3560071097424],0
1786,1787,client60,scan2,transmission,[caisse0],0
1788,1789,client60,scan2,abandon,[],?
1790,1791,client60,caisse0,payer,[4.55],0
1792,1793,client61,scan2,debloquer,[],0
1794,1795,client61,scan2,scanner,[3560070139675],0
1796,1797,client61,scan2,scanner,[8718309259938],0
1798,1799,client61,scan2,scanner,[3046920010856],0
1800,1801,client61,scan2,scanner,[3046920010856],0
1802,1803,client61,scan2,scanner,[8718309259938],0
1804,1805,client61,scan2,transmission,[caisse1],1
1806,1807,client61,scan2,scanner,[3560070139675],0
1808,1809,client61,scan2,scanner,[8718309259938],0
1810,1811,client61,scan2,scanner,[3046920010856],0
1812,1813,client61,scan2,scanner,[45496420598],-3
1814,1815,client61,scan2,abandon,[],?
1816,1817,client62,scan2,debloquer,[],0
1818,1819,client62,scan2,scanner,[8718309259938],0
1820,1821,client62,scan2,scanner,[45496420598],0
1822,1823,client62,scan2,scanner,[8718309259938],0
1824,1825,client62,scan2,scanner,[3245412567216],0
1826,1827,client62,scan2,scanner,[3017620402678],0
1828,1829,client62,scan2,transmission,[caisse2],1
1830,1831,client62,scan2,scanner,[8718309259938],0
1832,1833,client62,scan2,scanner,[45496420598],0
1834,1835,client62,scan2,scanner,[8718309259938],0
1836,1837,client62,scan2,scanner,[8718309259938],-3
1838,1839,client62,scan2,abandon,[],?
1840,1841,client63,scan1,debloquer,[],0
1842,1843,client63,scan1,scanner,[3046920010856],0
1844,1845,client63,scan1,scanner,[3017620402678],0
1846,1847,client63,scan1,scanner,[3046920010856],0
1848,1849,client63,scan1,scanner,[7640164630021],-2
1850,1851,client63,scan1,supprimer,[7640164630021],-2
1852,1853,client63,scan1,transmission,[caisse2],1
1854,1855,client63,scan1,scanner,[3046920010856],0
1856,1857,client63,scan1,scanner,[3017620402678],0
1858,1859,client63,scan1,scanner,[3046920010856],0
1860,1861,client63,scan1,transmission,[caisse2],0
1862,1863,client63,scan1,abandon,[],?
1864,1865,client63,caisse2,ouvrirSession,[],0
1866,1867,client63,caisse2,ajouter,[7640164630021],0
1868,1869,client63,caisse2,supprimer,[7640164630021],0
1870,1871,client63,caisse2,fermerSession,[],0
1872,1873,client63,caisse2,payer,[65.32],59.44
1874,1875,client64,scan2,debloquer,[],0
1876,1877,client64,scan2,scanner,[3046920010856],0
1878,1879,client64,scan2,scanner,[3020120029030],0
1880,1881,client64,scan2,scanner,[3570590109324],-2
1882,1883,client64,scan2,scanner,[3474377910724],0
1884,1885,client64,scan2,supprimer,[3570590109324],-2
1886,1887,client64,scan2,transmission,[caisse1],1
1888,1889,client64,scan2,scanner,[3046920010856],0
1890,1891,client64,scan2,scanner,[3020120029030],0
1892,1893,client64,scan2,scanner,[3474377910724],0
1894,1895,client64,scan2,transmission,[caisse1],0
1896,1897,client64,scan2,abandon,[],?
1898,1899,client64,caisse1,ouvrirSession,[],0
1900,1901,client64,caisse1,ajouter,[3570590109324],0
1902,1903,client64,caisse1,supprimer,[3570590109324],0
1904,1905,client64,caisse1,fermerSession,[],0
1906,1907,client64,caisse1,payer,[12.309999999999999],0
1908,1909,client65,scan1,debloquer,[],0
1910,1911,client65,scan1,scanner,[7640164630021],-2
1912,1913,client65,scan1,scanner,[7640164630021],-2
1914,1915,client65,scan1,scanner,[8718309259938],0
1916,1917,client65,scan1,scanner,[3017620402678],0
1918,1919,client65,scan1,scanner,[3560070048786],0
1920,1921,client65,scan1,supprimer,[7640164630021],-2
1922,1923,client65,scan1,scanner,[3570590109324],-2
1924,1925,client65,scan1,supprimer,[7640164630021],-2
1926,1927,client65,scan1,transmission,[caisse1],1
1928,1929,client65,scan1,scanner,[8718309259938],0
1930,1931,client65,scan1,scanner,[3017620402678],0
1932,1933,client65,scan1,scanner,[8718309259938],-3
1934,1935,client65,scan1,abandon,[],?
1936,1937,client66,scan3,debloquer,[],0
1938,1939,client66,scan3,scanner,[7640164630021],-2
1940,1941,client66,scan3,scanner,[3570590109324],-2
1942,1943,client66,scan3,scanner,[3270190022534],0
1944,1945,client66,scan3,scanner,[8715700110622],0
1946,1947,client66,scan3,scanner,[7640164630021],-2
1948,1949,client66,scan3,supprimer,[7640164630021],-2
1950,1951,client66,scan3,supprimer,[3570590109324],-2
1952,1953,client66,scan3,supprimer,[7640164630021],-2
1954,1955,client66,scan3,transmission,[caisse3],1
1956,1957,client66,scan3,scanner,[3270190022534],0
1958,1959,client66,scan3,scanner,[3245412567216],-3
1960,1961,client66,scan3,abandon,[],?
1962,1963,client67,scan1,debloquer,[],0
1964,1965,client67,scan1,scanner,[3520115810259],0
1966,1967,client67,scan1,scanner,[5410188006711],0
1968,1969,client67,scan1,scanner,[7640164630021],-2
1970,1971,client67,scan1,supprimer,[7640164630021],-2
1972,1973,client67,scan1,scanner,[3245412567216],0
1974,1975,client67,scan1,scanner,[3560070976478],0
1976,1977,client67,scan1,scanner,[3474377910724],0
1978,1979,client67,scan1,transmission,[caisse1],1
1980,1981,client67,scan1,scanner,[3520115810259],0
1982,1983,client67,scan1,scanner,[5410188006711],0
1984,1985,client67,scan1,scanner,[3245412567216],0
1986,1987,client67,scan1,scanner,[3560070976478],0
1988,1989,client67,scan1,scanner,[3474377910724],0
1990,1991,client67,scan1,transmission,[caisse1],0
1992,1993,client67,scan1,abandon,[],?
1994,1995,client67,caisse1,ouvrirSession,[],0
1996,1997,client67,caisse1,ajouter,[7640164630021],0
1998,1999,client67,caisse1,supprimer,[7640164630021],0
2000,2001,client67,caisse1,fermerSession,[],0
2002,2003,client67,caisse1,payer,[22.650000000000006],0
2004,2005,client68,scan0,debloquer,[],0
2006,2007,client68,scan0,scanner,[8715700110622],0
2008,2009,client68,scan0,scanner,[7640164630021],-2
2010,2011,client68,scan0,supprimer,[7640164630021],-2
2012,2013,client68,scan0,scanner,[7640164630021],-2
2014,2015,client68,scan0,scanner,[5410188006711],0
2016,2017,client68,scan0,transmission,[caisse3],1
2018,2019,client68,scan0,scanner,[8715700110622],0
2020,2021,client68,scan0,scanner,[5410188006711],0
2022,2023,client68,scan0,transmission,[caisse3],0
2024,2025,client68,scan0,abandon,[],?
2026,2027,client68,caisse3,ouvrirSession,[],0
2028,2029,client68,caisse3,ajouter,[7640164630021],0
2030,2031,client68,caisse3,ajouter,[7640164630021],0
2032,2033,client68,caisse3,supprimer,[7640164630021],0
2034,2035,client68,caisse3,fermerSession,[],0
2036,2037,client68,caisse3,payer,[256.23999999999995],23.23
2038,2039,client69,scan2,debloquer,[],0
2040,2041,client69,scan2,scanner,[7640164630021],-2
2042,2043,client69,scan2,scanner,[3046920010856],0
2044,2045,client69,scan2,scanner,[45496420598],0
2046,2047,client69,scan2,scanner,[3474377910724],0
2048,2049,client69,scan2,scanner,[3570590109324],-2
2050,2051,client69,scan2,supprimer,[7640164630021],-2
2052,2053,client69,scan2,transmission,[caisse3],1
2054,2055,client69,scan2,scanner,[3046920010856],0
2056,2057,client69,scan2,scanner,[45496420598],0
2058,2059,client69,scan2,scanner,[3474377910724],0
2060,2061,client69,scan2,transmission,[caisse3],0
2062,2063,client69,scan2,abandon,[],?
2064,2065,client69,caisse3,ouvrirSession,[],0
2066,2067,client69,caisse3,ajouter,[7640164630021],0
2068,2069,client69,caisse3,ajouter,[3570590109324],0
2070,2071,client69,caisse3,supprimer,[7640164630021],0
2072,2073,client69,caisse3,fermerSession,[],0
2074,2075,client69,caisse3,payer,[73.08000000000001],0
2076,2077,client70,scan2,debloquer,[],0
2078,2079,client70,scan2,scanner,[7640164630021],-2
2080,2081,client70,scan2,scanner,[7640164630021],-2
2082,2083,client70,scan2,scanner,[3020120029030],0
2084,2085,client70,scan2,scanner,[3017800238592],0
2086,2087,client70,scan2,scanner,[7640164630021],-2
2088,2089,client70,scan2,scanner,[3560070048786],0
2090,2091,client70,scan2,transmission,[caisse3],1
2092,2093,client70,scan2,scanner,[3020120029030],0
2094,2095,client70,scan2,scanner,[3017800238592],0
2096,2097,client70,scan2,scanner,[3560070048786],0
2098,2099,client70,scan2,transmission,[caisse3],0
2100,2101,client70,scan2,abandon,[],?
2102,2103,client70,caisse3,ouvrirSession,[],0
2104,2105,client70,caisse3,ajouter,[7640164630021],0
2106,2107,client70,caisse3,ajouter,[7640164630021],0
2108,2109,client70,caisse3,ajouter,[7640164630021],0
2110,2111,client70,caisse3,fermerSession,[],0
2112,2113,client70,caisse3,payer,[784.26],89.79
2114,2115,client71,scan1,debloquer,[],0
2116,2117,client71,scan1,scanner,[7640164630021],-2
2118,2119,client71,scan1,scanner,[3017800238592],0
2120,2121,client71,scan1,scanner,[3017800238592],0
2122,2123,client71,scan1,scanner,[3560070976478],0
2124,2125,client71,scan1,scanner,[3020120029030],0
2126,2127,client71,scan1,scanner,[3570590109324],-2
2128,2129,client71,scan1,scanner,[3570590109324],-2
2130,2131,client71,scan1,scanner,[3020120029030],0
2132,2133,client71,scan1,transmission,[caisse0],1
2134,2135,client71,scan1,scanner,[3017800238592],0
2136,2137,client71,scan1,scanner,[8718309259938],-3
2138,2139,client71,scan1,abandon,[],?
2140,2141,client72,scan1,debloquer,[],0
2142,2143,client72,scan1,scanner,[7640164630021],-2
2144,2145,client72,scan1,scanner,[3570590109324],-2
2146,2147,client72,scan1,scanner,[8718309259938],0
2148,2149,client72,scan1,scanner,[3017800238592],0
2150,2151,client72,scan1,scanner,[7640164630021],-2
2152,2153,client72,scan1,scanner,[3560071097424],0
2154,2155,client72,scan1,scanner,[3520115810259],0
2156,2157,client72,scan1,transmission,[caisse1],1
2158,2159,client72,scan1,scanner,[8718309259938],0
2160,2161,client72,scan1,scanner,[3474377910724],-3
2162,2163,client72,scan1,abandon,[],?
2164,2165,client73,scan3,debloquer,[],0
2166,2167,client73,scan3,scanner,[5410188006711],0
2168,2169,client73,scan3,scanner,[3270190022534],0
2170,2171,client73,scan3,scanner,[7640164630021],-2
2172,2173,client73,scan3,scanner,[3560070048786],0
2174,2175,client73,scan3,scanner,[3520115810259],0
2176,2177,client73,scan3,scanner,[3474377910724],0
2178,2179,client73,scan3,scanner,[3570590109324],-2
2180,2181,client73,scan3,transmission,[caisse3],1
2182,2183,client73,scan3,scanner,[5410188006711],0
2184,2185,client73,scan3,scanner,[3270190022534],0
2186,2187,client73,scan3,scanner,[45496420598],-3
2188,2189,client73,scan3,abandon,[],?
2190,2191,client74,scan1,debloquer,[],0
2192,2193,client74,scan1,scanner,[3046920010856],0
2194,2195,client74,scan1,scanner,[45496420598],0
2196,2197,client74,scan1,scanner,[45496420598],0
2198,2199,client74,scan1,scanner,[3270190022534],0
2200,2201,client74,scan1,scanner,[3570590109324],-2
2202,2203,client74,scan1,scanner,[3017800238592],0
2204,2205,client74,scan1,scanner,[3570590109324],-2
2206,2207,client74,scan1,scanner,[3570590109324],-2
2208,2209,client74,scan1,transmission,[caisse3],1
2210,2211,client74,scan1,scanner,[3046920010856],0
2212,2213,client74,scan1,scanner,[3017620402678],-3
2214,2215,client74,scan1,abandon,[],?
2216,2217,client75,scan0,debloquer,[],0
2218,2219,client75,scan0,scanner,[7640164630021],-2
2220,2221,client75,scan0,scanner,[7640164630021],-2
2222,2223,client75,scan0,scanner,[8718309259938],0
2224,2225,client75,scan0,scanner,[3046920010856],0
2226,2227,client75,scan0,scanner,[3020120029030],0
2228,2229,client75,scan0,scanner,[5410188006711],0
2230,2231,client75,scan0,transmission,[caisse1],1
2232,2233,client75,scan0,scanner,[8718309259938],0
2234,2235,client75,scan0,scanner,[3046920010856],0
2236,2237,client75,scan0,scanner,[3020120029030],0
2238,2239,client75,scan0,scanner,[3560070976478],-3
2240,2241,client75,scan0,abandon,[],?
2242,2243,client76,scan1,debloquer,[],0
2244,2245,client76,scan1,scanner,[3560070976478],0
2246,2247,client76,scan1,scanner,[3570590109324],-2
2248,2249,client76,scan1,scanner,[3570590109324],-2
2250,2251,client76,scan1,scanner,[3020120029030],0
2252,2253,client76,scan1,scanner,[7640164630021],-2
2254,2255,client76,scan1,scanner,[3270190022534],0
2256,2257,client76,scan1,scanner,[3520115810259],0
2258,2259,client76,scan1,scanner,[5410188006711],0
2260,2261,client76,scan1,scanner,[3520115810259],0
2262,2263,client76,scan1,transmission,[caisse0],1
2264,2265,client76,scan1,scanner,[3245412567216],-3
2266,2267,client76,scan1,abandon,[],?
2268,2269,client77,scan2,debloquer,[],0
2270,2271,client77,scan2,scanner,[3520115810259],0
2272,2273,client77,scan2,supprimer,[3520115810259],0
2274,2275,client77,scan2,scanner,[3570590109324],-2
2276,2277,client77,scan2,scanner,[3570590109324],-2
2278,2279,client77,scan2,scanner,[8715700110622],0
2280,2281,client77,scan2,scanner,[7640164630021],-2
2282,2283,client77,scan2,supprimer,[3570590109324],-2
2284,2285,client77,scan2,supprimer,[3570590109324],-2
2286,2287,client77,scan2,supprimer,[7640164630021],-2
2288,2289,client77,scan2,transmission,[caisse1],1
2290,2291,client77,scan2,scanner,[8715700110622],0
2292,2293,client77,scan2,transmission,[caisse1],0
2294,2295,client77,scan2,abandon,[],?
2296,2297,client77,caisse1,ouvrirSession,[],0
2298,2299,client77,caisse1,ajouter,[3570590109324],0
2300,2301,client77,caisse1,ajouter,[3570590109324],0
2302,2303,client77,caisse1,ajouter,[7640164630021],0
2304,2305,client77,caisse1,supprimer,[7640164630021],0
2306,2307,client77,caisse1,supprimer,[3570590109324],0
2308,2309,client77,caisse1,supprimer,[3570590109324],0
2310,2311,client77,caisse1,fermerSession,[],0
2312,2313,client77,caisse1,payer,[3.6099999999999866],2.65
2314,2315,client78,scan0,debloquer,[],0
2316,2317,client78,scan0,scanner,[3570590109324],-2
2318,2319,client78,scan0,scanner,[3570590109324],-2
2320,2321,client78,scan0,scanner,[3570590109324],-2
2322,2323,client78,scan0,supprimer,[3570590109324],-2
2324,2325,client78,scan0,scanner,[3017620402678],0
2326,2327,client78,scan0,scanner,[3474377910724],0
2328,2329,client78,scan0,supprimer,[3570590109324],-2
2330,2331,client78,scan0,scanner,[3520115810259],0
2332,2333,client78,scan0,supprimer,[3570590109324],-2
2334,2335,client78,scan0,supprimer,[3474377910724],0
2336,2337,client78,scan0,scanner,[8718309259938],0
2338,2339,client78,scan0,supprimer,[3520115810259],0
2340,2341,client78,scan0,scanner,[3245412567216],0
2342,2343,client78,scan0,transmission,[caisse0],1
2344,2345,client78,scan0,scanner,[3017620402678],0
2346,2347,client78,scan0,scanner,[8718309259938],0
2348,2349,client78,scan0,scanner,[3245412567216],0
2350,2351,client78,scan0,transmission,[caisse0],0
2352,2353,client78,scan0,abandon,[],?
2354,2355,client78,caisse0,ouvrirSession,[],0
2356,2357,client78,caisse0,ajouter,[3570590109324],0
2358,2359,client78,caisse0,ajouter,[3570590109324],0
2360,2361,client78,caisse0,ajouter,[3570590109324],0
2362,2363,client78,caisse0,supprimer,[3570590109324],0
2364,2365,client78,caisse0,supprimer,[3570590109324],0
2366,2367,client78,caisse0,supprimer,[3570590109324],0
2368,2369,client78,caisse0,fermerSession,[],0
2370,2371,client78,caisse0,payer,[7.979999999999993],0
2372,2373,client79,scan3,debloquer,[],0
2374,2375,client79,scan3,scanner,[3474377910724],0
2376,2377,client79,scan3,scanner,[3017800238592],0
2378,2379,client79,scan3,scanner,[3560071097424],0
2380,2381,client79,scan3,supprimer,[3017800238592],0
2382,2383,client79,scan3,supprimer,[3560071097424],0
2384,2385,client79,scan3,scanner,[7640164630021],-2
2386,2387,client79,scan3,supprimer,[7640164630021],-2
2388,2389,client79,scan3,transmission,[caisse1],1
2390,2391,client79,scan3,scanner,[3474377910724],0
2392,2393,client79,scan3,transmission,[caisse1],0
2394,2395,client79,scan3,abandon,[],?
2396,2397,client79,caisse1,ouvrirSession,[],0
2398,2399,client79,caisse1,ajouter,[7640164630021],0
2400,2401,client79,caisse1,supprimer,[7640164630021],0
2402,2403,client79,caisse1,fermerSession,[],0
2404,2405,client79,caisse1,payer,[103.0],94.4
2406,2407,client80,scan0,debloquer,[],0
2408,2409,client80,scan0,scanner,[7640164630021],-2
2410,2411,client80,scan0,scanner,[3560070976478],0
2412,2413,client80,scan0,scanner,[3017620402678],0
2414,2415,client80,scan0,scanner,[3017620402678],0
2416,2417,client80,scan0,scanner,[45496420598],0
2418,2419,client80,scan0,scanner,[7640164630021],-2
2420,2421,client80,scan0,scanner,[3570590109324],-2
2422,2423,client80,scan0,supprimer,[7640164630021],-2
2424,2425,client80,scan0,supprimer,[3017620402678],0
2426,2427,client80,scan0,scanner,[3017800238592],0
2428,2429,client80,scan0,scanner,[3560070048786],0
2430,2431,client80,scan0,supprimer,[3560070976478],0
2432,2433,client80,scan0,supprimer,[45496420598],0
2434,2435,client80,scan0,supprimer,[7640164630021],-2
2436,2437,client80,scan0,supprimer,[3570590109324],-2
2438,2439,client80,scan0,supprimer,[3017620402678],0
2440,2441,client80,scan0,transmission,[caisse1],1
2442,2443,client80,scan0,scanner,[3017800238592],0
2444,2445,client80,scan0,scanner,[3560070048786],0
2446,2447,client80,scan0,transmission,[caisse1],0
2448,2449,client80,scan0,abandon,[],?
2450,2451,client80,caisse1,ouvrirSession,[],0
2452,2453,client80,caisse1,ajouter,[7640164630021],0
2454,2455,client80,caisse1,ajouter,[7640164630021],0
2456,2457,client80,caisse1,ajouter,[3570590109324],0
2458,2459,client80,caisse1,supprimer,[3570590109324],0
2460,2461,client80,caisse1,supprimer,[7640164630021],0
2462,2463,client80,caisse1,supprimer,[7640164630021],0
2464,2465,client80,caisse1,fermerSession,[],0
2466,2467,client80,caisse1,payer,[54.11999999999999],51.05
2468,2469,client81,scan1,debloquer,[],0
2470,2471,client81,scan1,scanner,[3046920010856],0
2472,2473,client81,scan1,scanner,[7640164630021],-2
2474,2475,client81,scan1,scanner,[3570590109324],-2
2476,2477,client81,scan1,supprimer,[7640164630021],-2
2478,2479,client81,scan1,supprimer,[3046920010856],0
2480,2481,client81,scan1,scanner,[3245412567216],0
2482,2483,client81,scan1,transmission,[caisse1],1
2484,2485,client81,scan1,scanner,[3245412567216],0
2486,2487,client81,scan1,transmission,[caisse1],0
2488,2489,client81,scan1,abandon,[],?
2490,2491,client81,caisse1,ouvrirSession,[],0
2492,2493,client81,caisse1,ajouter,[7640164630021],0
2494,2495,client81,caisse1,ajouter,[3570590109324],0
2496,2497,client81,caisse1,supprimer,[7640164630021],0
2498,2499,client81,caisse1,fermerSession,[],0
2500,2501,client81,caisse1,payer,[8.949999999999989],0
2502,2503,client82,scan0,debloquer,[],0
2504,2505,client82,scan0,scanner,[3560070976478],0
2506,2507,client82,scan0,supprimer,[3560070976478],0
2508,2509,client82,scan0,scanner,[3017620402678],0
2510,2511,client82,scan0,scanner,[3245412567216],0
2512,2513,client82,scan0,scanner,[7640164630021],-2
2514,2515,client82,scan0,scanner,[3570590109324],-2
2516,2517,client82,scan0,scanner,[7640164630021],-2
2518,2519,client82,scan0,supprimer,[7640164630021],-2
2520,2521,client82,scan0,transmission,[caisse0],1
2522,2523,client82,scan0,scanner,[3017620402678],0
2524,2525,client82,scan0,scanner,[3245412567216],0
2526,2527,client82,scan0,transmission,[caisse0],0
2528,2529,client82,scan0,abandon,[],?
2530,2531,client82,caisse0,ouvrirSession,[],0
2532,2533,client82,caisse0,ajouter,[7640164630021],0
2534,2535,client82,caisse0,ajouter,[3570590109324],0
2536,2537,client82,caisse0,ajouter,[7640164630021],0
2538,2539,client82,caisse0,supprimer,[7640164630021],0
2540,2541,client82,caisse0,fermerSession,[],0
2542,2543,client82,caisse0,payer,[297.89],57.18
2544,2545,client83,scan0,debloquer,[],0
2546,2547,client83,scan0,scanner,[3017800238592],0
2548,2549,client83,scan0,scanner,[3560070048786],0
2550,2551,client83,scan0,scanner,[3570590109324],-2
2552,2553,client83,scan0,scanner,[3560070139675],0
2554,2555,client83,scan0,scanner,[3570590109324],-2
2556,2557,client83,scan0,supprimer,[3570590109324],-2
2558,2559,client83,scan0,scanner,[3245412567216],0
2560,2561,client83,scan0,scanner,[3046920010856],0
2562,2563,client83,scan0,supprimer,[3017800238592],0
2564,2565,client83,scan0,supprimer,[3046920010856],0
2566,2567,client83,scan0,supprimer,[3560070139675],0
2568,2569,client83,scan0,scanner,[3570590109324],-2
2570,2571,client83,scan0,transmission,[caisse1],1
2572,2573,client83,scan0,scanner,[3560070048786],0
2574,2575,client83,scan0,scanner,[3245412567216],0
2576,2577,client83,scan0,transmission,[caisse1],0
2578,2579,client83,scan0,abandon,[],?
2580,2581,client83,caisse1,ouvrirSession,[],0
2582,2583,client83,caisse1,ajouter,[3570590109324],0
2584,2585,client83,caisse1,ajouter,[3570590109324],0
2586,2587,client83,caisse1,ajouter,[3570590109324],0
2588,2589,client83,caisse1,supprimer,[3570590109324],0
2590,2591,client83,caisse1,fermerSession,[],0
2592,2593,client83,caisse1,payer,[17.299999999999994],0
2594,2595,client84,scan2,debloquer,[],0
2596,2597,client84,scan2,scanner,[8718309259938],0
2598,2599,client84,scan2,scanner,[3560070139675],0
2600,2601,client84,scan2,scanner,[8718309259938],0
2602,2603,client84,scan2,scanner,[3570590109324],-2
2604,2605,client84,scan2,transmission,[caisse0],0
2606,2607,client84,scan2,abandon,[],?
2608,2609,client84,caisse0,ouvrirSession,[],0
2610,2611,client84,caisse0,ajouter,[3570590109324],0
2612,2613,client84,caisse0,fermerSession,[],0
2614,2615,client84,caisse0,payer,[18.72],0
2616,2617,client85,scan2,debloquer,[],0
2618,2619,client85,scan2,scanner,[7640164630021],-2
2620,2621,client85,scan2,scanner,[8715700110622],0
2622,2623,client85,scan2,scanner,[7640164630021],-2
2624,2625,client85,scan2,scanner,[3020120029030],0
2626,2627,client85,scan2,transmission,[caisse2],0
2628,2629,client85,scan2,abandon,[],?
2630,2631,client85,caisse2,ouvrirSession,[],0
2632,2633,client85,caisse2,ajouter,[7640164630021],0
2634,2635,client85,caisse2,ajouter,[7640164630021],0
2636,2637,client85,caisse2,fermerSession,[],0
2638,2639,client85,caisse2,payer,[462.46],0
2640,2641,client86,scan1,debloquer,[],0
2642,2643,client86,scan1,scanner,[3560070048786],0
2644,2645,client86,scan1,scanner,[45496420598],0
2646,2647,client86,scan1,scanner,[7640164630021],-2
2648,2649,client86,scan1,scanner,[8718309259938],0
2650,2651,client86,scan1,transmission,[caisse0],0
2652,2653,client86,scan1,abandon,[],?
2654,2655,client86,caisse0,ouvrirSession,[],0
2656,2657,client86,caisse0,ajouter,[7640164630021],0
2658,2659,client86,caisse0,fermerSession,[],0
2660,2661,client86,caisse0,payer,[385.97999999999996],95.57
2662,2663,client87,scan2,debloquer,[],0
2664,2665,client87,scan2,scanner,[3474377910724],0
2666,2667,client87,scan2,scanner,[3570590109324],-2
2668,2669,client87,scan2,scanner,[8718309259938],0
2670,2671,client87,scan2,scanner,[3474377910724],0
2672,2673,client87,scan2,scanner,[3570590109324],-2
2674,2675,client87,scan2,scanner,[7640164630021],-2
2676,2677,client87,scan2,transmission,[caisse0],0
2678,2679,client87,scan2,abandon,[],?
2680,2681,client87,caisse0,ouvrirSession,[],0
2682,2683,client87,caisse0,ajouter,[3570590109324],0
2684,2685,client87,caisse0,ajouter,[3570590109324],0
2686,2687,client87,caisse0,ajouter,[7640164630021],0
2688,2689,client87,caisse0,fermerSession,[],0
2690,2691,client87,caisse0,payer,[323.98],57.27
2692,2693,client88,scan0,debloquer,[],0
2694,2695,client88,scan0,scanner,[8715700110622],0
2696,2697,client88,scan0,scanner,[3474377910724],0
2698,2699,client88,scan0,scanner,[7640164630021],-2
2700,2701,client88,scan0,scanner,[3017620402678],0
2702,2703,client88,scan0,scanner,[3020120029030],0
2704,2705,client88,scan0,scanner,[7640164630021],-2
2706,2707,client88,scan0,scanner,[3020120029030],0
2708,2709,client88,scan0,scanner,[3570590109324],-2
2710,2711,client88,scan0,scanner,[3270190022534],0
2712,2713,client88,scan0,transmission,[caisse3],0
2714,2715,client88,scan0,abandon,[],?
2716,2717,client88,caisse3,ouvrirSession,[],0
2718,2719,client88,caisse3,ajouter,[7640164630021],0
2720,2721,client88,caisse3,ajouter,[7640164630021],0
2722,2723,client88,caisse3,ajouter,[3570590109324],0
2724,2725,client88,caisse3,fermerSession,[],0
2726,2727,client88,caisse3,payer,[482.68],0
2728,2729,client89,scan0,debloquer,[],0
2730,2731,client89,scan0,scanner,[3570590109324],-2
2732,2733,client89,scan0,scanner,[3560070976478],0
2734,2735,client89,scan0,scanner,[7640164630021],-2
2736,2737,client89,scan0,scanner,[45496420598],0
2738,2739,client89,scan0,scanner,[5410188006711],0
2740,2741,client89,scan0,transmission,[caisse3],0
2742,2743,client89,scan0,abandon,[],?
2744,2745,client89,caisse3,ouvrirSession,[],0
2746,2747,client89,caisse3,ajouter,[3570590109324],0
2748,2749,client89,caisse3,ajouter,[7640164630021],0
2750,2751,client89,caisse3,fermerSession,[],0
2752,2753,client89,caisse3,payer,[296.46],0
2754,2755,client90,scan3,debloquer,[],0
2756,2757,client90,scan3,scanner,[3020120029030],0
2758,2759,client90,scan3,scanner,[3570590109324],-2
2760,2761,client90,scan3,scanner,[5410188006711],0
2762,2763,client90,scan3,scanner,[45496420598],0
2764,2765,client90,scan3,scanner,[7640164630021],-2
2766,2767,client90,scan3,scanner,[45496420598],0
2768,2769,client90,scan3,scanner,[3570590109324],-2
2770,2771,client90,scan3,transmission,[caisse3],0
2772,2773,client90,scan3,abandon,[],?
2774,2775,client90,caisse3,ouvrirSession,[],0
2776,2777,client90,caisse3,ajouter,[3570590109324],0
2778,2779,client90,caisse3,ajouter,[7640164630021],0
2780,2781,client90,caisse3,ajouter,[3570590109324],0
2782,2783,client90,caisse3,fermerSession,[],0
2784,2785,client90,caisse3,payer,[409.34000000000003],50.65
2786,2787,client91,scan3,debloquer,[],0
2788,2789,client91,scan3,scanner,[3560070976478],0
2790,2791,client91,scan3,scanner,[3560071097424],0
2792,2793,client91,scan3,transmission,[caisse2],0
2794,2795,client91,scan3,abandon,[],?
2796,2797,client91,caisse2,payer,[4.34],0
2798,2799,client92,scan3,debloquer,[],0
2800,2801,client92,scan3,scanner,[3245412567216],0
2802,2803,client92,scan3,scanner,[8715700110622],0
2804,2805,client92,scan3,scanner,[3560070048786],0
2806,2807,client92,scan3,scanner,[3474377910724],0
2808,2809,client92,scan3,scanner,[3560070139675],0
2810,2811,client92,scan3,transmission,[caisse3],0
2812,2813,client92,scan3,abandon,[],?
2814,2815,client92,caisse3,payer,[13.839999999999998],0
2816,2817,client93,scan3,debloquer,[],0
2818,2819,client93,scan3,scanner,[3046920010856],0
2820,2821,client93,scan3,scanner,[3474377910724],0
2822,2823,client93,scan3,scanner,[3270190022534],0
2824,2825,client93,scan3,scanner,[3560070048786],0
2826,2827,client93,scan3,transmission,[caisse1],0
2828,2829,client93,scan3,abandon,[],?
2830,2831,client93,caisse1,payer,[96.92],84.86
2832,2833,client94,scan0,debloquer,[],0
2834,2835,client94,scan0,scanner,[3474377910724],0
2836,2837,client94,scan0,scanner,[8718309259938],0
2838,2839,client94,scan0,scanner,[3017800238592],0
2840,2841,client94,scan0,scanner,[8715700110622],0
2842,2843,client94,scan0,scanner,[8718309259938],0
2844,2845,client94,scan0,transmission,[caisse1],0
2846,2847,client94,scan0,abandon,[],?
2848,2849,client94,caisse1,payer,[40.17],19.11
2850,2851,client95,scan3,debloquer,[],0
2852,2853,client95,scan3,scanner,[3020120029030],0
2854,2855,client95,scan3,scanner,[3270190022534],0
2856,2857,client95,scan3,scanner,[3270190022534],0
2858,2859,client95,scan3,scanner,[3245412567216],0
2860,2861,client95,scan3,scanner,[5410188006711],0
2862,2863,client95,scan3,transmission,[caisse2],0
2864,2865,client95,scan3,abandon,[],?
2866,2867,client95,caisse2,payer,[6.48],0
2868,2869,client96,scan2,debloquer,[],0
2870,2871,client96,scan2,scanner,[3474377910724],0
2872,2873,client96,scan2,scanner,[5410188006711],0
2874,2875,client96,scan2,scanner,[3560070048786],0
2876,2877,client96,scan2,transmission,[caisse3],0
2878,2879,client96,scan2,abandon,[],?
2880,2881,client96,caisse3,payer,[34.16],22.54
2882,2883,client97,scan0,debloquer,[],0
2884,2885,client97,scan0,scanner,[8718309259938],0
2886,2887,client97,scan0,scanner,[8715700110622],0
2888,2889,client97,scan0,scanner,[3245412567216],0
2890,2891,client97,scan0,scanner,[3017800238592],0
2892,2893,client97,scan0,scanner,[3270190022534],0
2894,2895,client97,scan0,transmission,[caisse3],0
2896,2897,client97,scan0,abandon,[],?
2898,2899,client97,caisse3,payer,[68.96000000000001],59.1
2900,2901,client98,scan1,debloquer,[],0
2902,2903,client98,scan1,scanner,[3570590109324],-2
2904,2905,client98,scan1,scanner,[5410188006711],0
2906,2907,client98,scan1,scanner,[3570590109324],-2
2908,2909,client98,scan1,scanner,[3520115810259],0
2910,2911,client98,scan1,scanner,[3560070976478],0
2912,2913,client98,scan1,scanner,[3570590109324],-2
2914,2915,client98,scan1,scanner,[3560070976478],0
2916,2917,client98,scan1,supprimer,[3520115810259],0
2918,2919,client98,scan1,supprimer,[3560070976478],0
2920,2921,client98,scan1,supprimer,[5410188006711],0
2922,2923,client98,scan1,supprimer,[3560070976478],0
2924,2925,client98,scan1,scanner,[8718309259938],0
2926,2927,client98,scan1,transmission,[caisse0],1
2928,2929,client98,scan1,scanner,[8718309259938],0
2930,2931,client98,scan1,transmission,[caisse0],0
2932,2933,client98,scan1,abandon,[],?
2934,2935,client98,caisse0,ouvrirSession,[],0
2936,2937,client98,caisse0,ajouter,[3570590109324],0
2938,2939,client98,caisse0,ajouter,[3570590109324],0
2940,2941,client98,caisse0,ajouter,[3570590109324],0
2942,2943,client98,caisse0,fermerSession,[],0
2944,2945,client98,caisse0,payer,[27.089999999999996],0
2946,2947,client99,scan3,debloquer,[],0
2948,2949,client99,scan3,scanner,[3560071097424],0
2950,2951,client99,scan3,supprimer,[3560071097424],0
2952,2953,client99,scan3,scanner,[7640164630021],-2
2954,2955,client99,scan3,scanner,[3570590109324],-2
2956,2957,client99,scan3,scanner,[5410188006711],0
2958,2959,client99,scan3,transmission,[caisse3],1
2960,2961,client99,scan3,scanner,[5410188006711],0
2962,2963,client99,scan3,transmission,[caisse3],0
2964,2965,client99,scan3,abandon,[],?
2966,2967,client99,caisse3,ouvrirSession,[],0
2968,2969,client99,caisse3,ajouter,[7640164630021],0
2970,2971,client99,caisse3,ajouter,[3570590109324],0
2972,2973,client99,caisse3,fermerSession,[],0
2974,2975,client99,caisse3,payer,[329.9],90.37
2976,2977,client100,scan2,debloquer,[],0
2978,2979,client100,scan2,scanner,[45496420598],0
2980,2981,client100,scan2,scanner,[7640164630021],-2
2982,2983,client100,scan2,scanner,[3560070976478],0
2984,2985,client100,scan2,scanner,[3570590109324],-2
2986,2987,client100,scan2,scanner,[7640164630021],-2
2988,2989,client100,scan2,supprimer,[45496420598],0
2990,2991,client100,scan2,transmission,[caisse3],1
2992,2993,client100,scan2,scanner,[3560070976478],0
2994,2995,client100,scan2,transmission,[caisse3],0
2996,2997,client100,scan2,abandon,[],?
2998,2999,client100,caisse3,ouvrirSession,[],0
3000,3001,client100,caisse3,ajouter,[7640164630021],0
3002,3003,client100,caisse3,ajouter,[3570590109324],0
3004,3005,client100,caisse3,ajouter,[7640164630021],0
3006,3007,client100,caisse3,fermerSession,[],0
3008,3009,client100,caisse3,payer,[536.83],67.61
3010,3011,client101,scan2,debloquer,[],0
3012,3013,client101,scan2,scanner,[3020120029030],0
3014,3015,client101,scan2,scanner,[3560071097424],0
3016,3017,client101,scan2,supprimer,[3020120029030],0
3018,3019,client101,scan2,scanner,[3570590109324],-2
3020,3021,client101,scan2,supprimer,[3560071097424],0
3022,3023,client101,scan2,scanner,[8718309259938],0
3024,3025,client101,scan2,scanner,[3046920010856],0
3026,3027,client101,scan2,transmission,[caisse1],1
3028,3029,client101,scan2,scanner,[8718309259938],0
3030,3031,client101,scan2,scanner,[3046920010856],0
3032,3033,client101,scan2,transmission,[caisse1],0
3034,3035,client101,scan2,abandon,[],?
3036,3037,client101,caisse1,ouvrirSession,[],0
3038,3039,client101,caisse1,ajouter,[3570590109324],0
3040,3041,client101,caisse1,fermerSession,[],0
3042,3043,client101,caisse1,payer,[14.139999999999999],0
3044,3045,client102,scan2,debloquer,[],0
3046,3047,client102,scan2,scanner,[3560070976478],0
3048,3049,client102,scan2,scanner,[3560070976478],0
3050,3051,client102,scan2,scanner,[3474377910724],0
3052,3053,client102,scan2,scanner,[7640164630021],-2
3054,3055,client102,scan2,scanner,[5410188006711],0
3056,3057,client102,scan2,scanner,[3046920010856],0
3058,3059,client102,scan2,supprimer,[5410188006711],0
3060,3061,client102,scan2,supprimer,[3046920010856],0
3062,3063,client102,scan2,scanner,[5410188006711],0
3064,3065,client102,scan2,supprimer,[3560070976478],0
3066,3067,client102,scan2,supprimer,[5410188006711],0
3068,3069,client102,scan2,transmission,[caisse0],1
3070,3071,client102,scan2,scanner,[3560070976478],0
3072,3073,client102,scan2,scanner,[3474377910724],0
3074,3075,client102,scan2,transmission,[caisse0],0
3076,3077,client102,scan2,abandon,[],?
3078,3079,client102,caisse0,ouvrirSession,[],0
3080,3081,client102,caisse0,ajouter,[7640164630021],0
3082,3083,client102,caisse0,fermerSession,[],0
3084,3085,client102,caisse0,payer,[240.44],0
3086,3087,client103,scan2,debloquer,[],0
3088,3089,client103,scan2,scanner,[3017620402678],0
3090,3091,client103,scan2,scanner,[3570590109324],-2
3092,3093,client103,scan2,supprimer,[3017620402678],0
3094,3095,client103,scan2,scanner,[3560070139675],0
3096,3097,client103,scan2,scanner,[3570590109324],-2
3098,3099,client103,scan2,scanner,[3560070048786],0
3100,3101,client103,scan2,transmission,[caisse0],1
3102,3103,client103,scan2,scanner,[3560070139675],0
3104,3105,client103,scan2,scanner,[3560070048786],0
3106,3107,client103,scan2,transmission,[caisse0],0
3108,3109,client103,scan2,abandon,[],?
3110,3111,client103,caisse0,ouvrirSession,[],0
3112,3113,client103,caisse0,ajouter,[3570590109324],0
3114,3115,client103,caisse0,ajouter,[3570590109324],0
3116,3117,client103,caisse0,fermerSession,[],0
3118,3119,client103,caisse0,payer,[51.58],33.81
3120,3121,client104,scan2,debloquer,[],0
3122,3123,client104,scan2,scanner,[3245412567216],0
3124,3125,client104,scan2,scanner,[7640164630021],-2
3126,3127,client104,scan2,supprimer,[3245412567216],0
3128,3129,client104,scan2,scanner,[3560070048786],0
3130,3131,client104,scan2,transmission,[caisse0],1
3132,3133,client104,scan2,scanner,[3560070048786],0
3134,3135,client104,scan2,transmission,[caisse0],0
3136,3137,client104,scan2,abandon,[],?
3138,3139,client104,caisse0,ouvrirSession,[],0
3140,3141,client104,caisse0,ajouter,[7640164630021],0
3142,3143,client104,caisse0,fermerSession,[],0
3144,3145,client104,caisse0,payer,[230.77],0
3146,3147,client105,scan1,debloquer,[],0
3148,3149,client105,scan1,scanner,[3560070976478],0
3150,3151,client105,scan1,scanner,[3560070048786],0
3152,3153,client105,scan1,scanner,[8715700110622],0
3154,3155,client105,scan1,scanner,[3560070048786],0
3156,3157,client105,scan1,supprimer,[8715700110622],0
3158,3159,client105,scan1,transmission,[caisse1],1
3160,3161,client105,scan1,scanner,[3560070976478],0
3162,3163,client105,scan1,scanner,[3560070048786],0
3164,3165,client105,scan1,scanner,[3560070048786],0
3166,3167,client105,scan1,transmission,[caisse1],0
3168,3169,client105,scan1,abandon,[],?
3170,3171,client105,caisse1,payer,[3.6799999999999997],0
3172,3173,client106,scan1,debloquer,[],0
3174,3175,client106,scan1,scanner,[3270190022534],0
3176,3177,client106,scan1,scanner,[45496420598],0
3178,3179,client106,scan1,scanner,[45496420598],0
3180,3181,client106,scan1,supprimer,[45496420598],0
3182,3183,client106,scan1,supprimer,[3270190022534],0
3184,3185,client106,scan1,supprimer,[45496420598],0
3186,3187,client106,scan1,scanner,[5410188006711],0
3188,3189,client106,scan1,scanner,[3560070976478],0
3190,3191,client106,scan1,scanner,[3560070139675],0
3192,3193,client106,scan1,transmission,[caisse3],1
3194,3195,client106,scan1,scanner,[5410188006711],0
3196,3197,client106,scan1,scanner,[3560070976478],0
3198,3199,client106,scan1,scanner,[3560070139675],0
3200,3201,client106,scan1,transmission,[caisse3],0
3202,3203,client106,scan1,abandon,[],?
3204,3205,client106,caisse3,payer,[95.23],89.2
3206,3207,client107,scan1,debloquer,[],0
3208,3209,client107,scan1,scanner,[45496420598],0
3210,3211,client107,scan1,scanner,[3474377910724],0
3212,3213,client107,scan1,scanner,[5410188006711],0
3214,3215,client107,scan1,supprimer,[45496420598],0
3216,3217,client107,scan1,scanner,[3560070139675],0
3218,3219,client107,scan1,supprimer,[3474377910724],0
3220,3221,client107,scan1,transmission,[caisse2],1
3222,3223,client107,scan1,scanner,[5410188006711],0
3224,3225,client107,scan1,scanner,[3560070139675],0
3226,3227,client107,scan1,transmission,[caisse2],0
3228,3229,client107,scan1,abandon,[],?
3230,3231,client107,caisse2,payer,[4.680000000000007],0.59
3232,3233,client108,scan3,debloquer,[],0
3234,3235,client108,scan3,scanner,[3474377910724],0
3236,3237,client108,scan3,supprimer,[3474377910724],0
3238,3239,client108,scan3,scanner,[3270190022534],0
3240,3241,client108,scan3,transmission,[caisse3],1
3242,3243,client108,scan3,scanner,[3270190022534],0
3244,3245,client108,scan3,transmission,[caisse3],0
3246,3247,client108,scan3,abandon,[],?
3248,3249,client108,caisse3,payer,[15.41],14.83
3250,3251,client109,scan0,debloquer,[],0
3252,3253,client109,scan0,scanner,[3017620402678],0
3254,3255,client109,scan0,scanner,[8718309259938],0
3256,3257,client109,scan0,supprimer,[3017620402678],0
3258,3259,client109,scan0,supprimer,[8718309259938],0
3260,3261,client109,scan0,scanner,[3245412567216],0
3262,3263,client109,scan0,scanner,[45496420598],0
3264,3265,client109,scan0,transmission,[caisse3],1
3266,3267,client109,scan0,scanner,[3245412567216],0
3268,3269,client109,scan0,scanner,[45496420598],0
3270,3271,client109,scan0,transmission,[caisse3],0
3272,3273,client109,scan0,abandon,[],?
3274,3275,client109,caisse3,payer,[60.72],4.26
3276,3277,client110,scan2,debloquer,[],0
3278,3279,client110,scan2,scanner,[8718309259938],0
3280,3281,client110,scan2,scanner,[3560070139675],0
3282,3283,client110,scan2,supprimer,[8718309259938],0
3284,3285,client110,scan2,scanner,[3017800238592],0
3286,3287,client110,scan2,supprimer,[3560070139675],0
3288,3289,client110,scan2,transmission,[caisse0],1
3290,3291,client110,scan2,scanner,[3017800238592],0
3292,3293,client110,scan2,transmission,[caisse0],0
3294,3295,client110,scan2,abandon,[],?
3296,3297,client110,caisse0,payer,[30.87],28.67
3298,3299,client111,scan2,debloquer,[],0
3300,3301,client111,scan2,scanner,[3520115810259],0
3302,3303,client111,scan2,scanner,[5410188006711],0
3304,3305,client111,scan2,scanner,[3560071097424],0
3306,3307,client111,scan2,supprimer,[5410188006711],0
3308,3309,client111,scan2,scanner,[3017800238592],0
3310,3311,client111,scan2,scanner,[3270190022534],0
3312,3313,client111,scan2,scanner,[3270190022534],0
3314,3315,client111,scan2,transmission,[caisse2],1
3316,3317,client111,scan2,scanner,[3520115810259],0
3318,3319,client111,scan2,scanner,[3560071097424],0
3320,3321,client111,scan2,scanner,[3017800238592],0
3322,3323,client111,scan2,scanner,[3270190022534],0
3324,3325,client111,scan2,scanner,[3270190022534],0
3326,3327,client111,scan2,transmission,[caisse2],0
3328,3329,client111,scan2,abandon,[],?
3330,3331,client111,caisse2,payer,[73.07],58.82
3332,3333,client112,scan2,debloquer,[],0
3334,3335,client112,scan2,scanner,[3570590109324],-2
3336,3337,client112,scan2,scanner,[3560070048786],0
3338,3339,client112,scan2,supprimer,[3570590109324],-2
3340,3341,client112,scan2,scanner,[3046920010856],0
3342,3343,client112,scan2,scanner,[3570590109324],-2
3344,3345,client112,scan2,scanner,[3245412567216],0
3346,3347,client112,scan2,transmission,[caisse1],0
3348,3349,client112,scan2,abandon,[],?
3350,3351,client112,caisse1,ouvrirSession,[],0
3352,3353,client112,caisse1,ajouter,[3570590109324],0
3354,3355,client112,caisse1,ajouter,[3570590109324],0
3356,3357,client112,caisse1,supprimer,[3570590109324],0
3358,3359,client112,caisse1,fermerSession,[],0
3360,3361,client112,caisse1,payer,[11.829999999999998],0
3362,3363,client113,scan1,debloquer,[],0
3364,3365,client113,scan1,scanner,[3520115810259],0
3366,3367,client113,scan1,scanner,[3245412567216],0
3368,3369,client113,scan1,scanner,[8715700110622],0
3370,3371,client113,scan1,scanner,[3520115810259],0
3372,3373,client113,scan1,scanner,[3017620402678],0
3374,3375,client113,scan1,scanner,[7640164630021],-2
3376,3377,client113,scan1,scanner,[8715700110622],0
3378,3379,client113,scan1,supprimer,[7640164630021],-2
3380,3381,client113,scan1,transmission,[caisse2],0
3382,3383,client113,scan1,abandon,[],?
3384,3385,client113,caisse2,ouvrirSession,[],0
3386,3387,client113,caisse2,ajouter,[7640164630021],0
3388,3389,client113,caisse2,supprimer,[7640164630021],0
3390,3391,client113,caisse2,fermerSession,[],0
3392,3393,client113,caisse2,payer,[35.76000000000002],13.53
3394,3395,client114,scan3,debloquer,[],0
3396,3397,client114,scan3,scanner,[3560070976478],0
3398,3399,client114,scan3,scanner,[3017800238592],0
3400,3401,client114,scan3,scanner,[3570590109324],-2
3402,3403,client114,scan3,supprimer,[3570590109324],-2
3404,3405,client114,scan3,scanner,[8715700110622],0
3406,3407,client114,scan3,scanner,[3270190022534],0
3408,3409,client114,scan3,transmission,[caisse0],0
3410,3411,client114,scan3,abandon,[],?
3412,3413,client114,caisse0,ouvrirSession,[],0
3414,3415,client114,caisse0,ajouter,[3570590109324],0
3416,3417,client114,caisse0,supprimer,[3570590109324],0
3418,3419,client114,caisse0,fermerSession,[],0
3420,3421,client114,caisse0,payer,[78.83000000000001],73.15
3422,3423,client115,scan3,debloquer,[],0
3424,3425,client115,scan3,scanner,[3474377910724],0
3426,3427,client115,scan3,scanner,[3245412567216],0
3428,3429,client115,scan3,scanner,[5410188006711],0
3430,3431,client115,scan3,scanner,[3570590109324],-2
3432,3433,client115,scan3,scanner,[3560071097424],0
3434,3435,client115,scan3,scanner,[7640164630021],-2
3436,3437,client115,scan3,scanner,[3570590109324],-2
3438,3439,client115,scan3,supprimer,[3570590109324],-2
3440,3441,client115,scan3,scanner,[3474377910724],0
3442,3443,client115,scan3,supprimer,[7640164630021],-2
3444,3445,client115,scan3,scanner,[8715700110622],0
3446,3447,client115,scan3,transmission,[caisse1],0
3448,3449,client115,scan3,abandon,[],?
3450,3451,client115,caisse1,ouvrirSession,[],0
3452,3453,client115,caisse1,ajouter,[3570590109324],0
3454,3455,client115,caisse1,ajouter,[7640164630021],0
3456,3457,client115,caisse1,ajouter,[3570590109324],0
3458,3459,client115,caisse1,supprimer,[7640164630021],0
3460,3461,client115,caisse1,supprimer,[3570590109324],0
3462,3463,client115,caisse1,fermerSession,[],0
3464,3465,client115,caisse1,payer,[31.660000000000014],0
3466,3467,client116,scan0,debloquer,[],0
3468,3469,client116,scan0,scanner,[3570590109324],-2
3470,3471,client116,scan0,scanner,[3245412567216],0
3472,3473,client116,scan0,scanner,[45496420598],0
3474,3475,client116,scan0,scanner,[3017620402678],0
3476,3477,client116,scan0,scanner,[3570590109324],-2
3478,3479,client116,scan0,scanner,[3017800238592],0
3480,3481,client116,scan0,scanner,[5410188006711],0
3482,3483,client116,scan0,scanner,[45496420598],0
3484,3485,client116,scan0,scanner,[7640164630021],-2
3486,3487,client116,scan0,supprimer,[3570590109324],-2
3488,3489,client116,scan0,supprimer,[3570590109324],-2
3490,3491,client116,scan0,supprimer,[7640164630021],-2
3492,3493,client116,scan0,transmission,[caisse0],0
3494,3495,client116,scan0,abandon,[],?
3496,3497,client116,caisse0,ouvrirSession,[],0
3498,3499,client116,caisse0,ajouter,[3570590109324],0
3500,3501,client116,caisse0,ajouter,[3570590109324],0
3502,3503,client116,caisse0,ajouter,[7640164630021],0
3504,3505,client116,caisse0,supprimer,[3570590109324],0
3506,3507,client116,caisse0,supprimer,[7640164630021],0
3508,3509,client116,caisse0,supprimer,[3570590109324],0
3510,3511,client116,caisse0,fermerSession,[],0
3512,3513,client116,caisse0,payer,[117.66000000000001],0
3514,3515,client117,scan2,debloquer,[],0
3516,3517,client117,scan2,scanner,[3520115810259],0
3518,3519,client117,scan2,scanner,[7640164630021],-2
3520,3521,client117,scan2,scanner,[3046920010856],0
3522,3523,client117,scan2,supprimer,[7640164630021],-2
3524,3525,client117,scan2,scanner,[3570590109324],-2
3526,3527,client117,scan2,transmission,[caisse0],0
3528,3529,client117,scan2,abandon,[],?
3530,3531,client117,caisse0,ouvrirSession,[],0
3532,3533,client117,caisse0,ajouter,[7640164630021],0
3534,3535,client117,caisse0,ajouter,[3570590109324],0
3536,3537,client117,caisse0,supprimer,[7640164630021],0
3538,3539,client117,caisse0,fermerSession,[],0
3540,3541,client117,caisse0,payer,[17.97999999999999],0
3542,3543,client118,scan2,debloquer,[],0
3544,3545,client118,scan2,scanner,[5410188006711],0
3546,3547,client118,scan2,scanner,[45496420598],0
3548,3549,client118,scan2,scanner,[3560070976478],0
3550,3551,client118,scan2,scanner,[3020120029030],0
3552,3553,client118,scan2,scanner,[3017620402678],0
3554,3555,client118,scan2,scanner,[3020120029030],0
3556,3557,client118,scan2,scanner,[7640164630021],-2
3558,3559,client118,scan2,scanner,[7640164630021],-2
3560,3561,client118,scan2,supprimer,[7640164630021],-2
3562,3563,client118,scan2,supprimer,[7640164630021],-2
3564,3565,client118,scan2,transmission,[caisse0],0
3566,3567,client118,scan2,abandon,[],?
3568,3569,client118,caisse0,ouvrirSession,[],0
3570,3571,client118,caisse0,ajouter,[7640164630021],0
3572,3573,client118,caisse0,ajouter,[7640164630021],0
3574,3575,client118,caisse0,supprimer,[7640164630021],0
3576,3577,client118,caisse0,supprimer,[7640164630021],0
3578,3579,client118,caisse0,fermerSession,[],0
3580,3581,client118,caisse0,payer,[95.02000000000001],30.68
3582,3583,client119,scan2,debloquer,[],0
3584,3585,client119,scan2,scanner,[3270190022534],0
3586,3587,client119,scan2,scanner,[3474377910724],0
3588,3589,client119,scan2,scanner,[3474377910724],0
3590,3591,client119,scan2,scanner,[3520115810259],0
3592,3593,client119,scan2,scanner,[3270190022534],0
3594,3595,client119,scan2,transmission,[caisse0],0
3596,3597,client119,scan2,abandon,[],?
3598,3599,client119,caisse0,payer,[94.49000000000001],67.64
3600,3601,client120,scan3,debloquer,[],0
3602,3603,client120,scan3,scanner,[3046920010856],0
3604,3605,client120,scan3,scanner,[3017800238592],0
3606,3607,client120,scan3,scanner,[3520115810259],0
3608,3609,client120,scan3,transmission,[caisse2],0
3610,3611,client120,scan3,abandon,[],?
3612,3613,client120,caisse2,payer,[12.7],0
3614,3615,client121,scan1,debloquer,[],0
3616,3617,client121,scan1,scanner,[45496420598],0
3618,3619,client121,scan1,scanner,[3017800238592],0
3620,3621,client121,scan1,scanner,[3560070976478],0
3622,3623,client121,scan1,scanner,[3046920010856],0
3624,3625,client121,scan1,scanner,[3245412567216],0
3626,3627,client121,scan1,scanner,[3474377910724],0
3628,3629,client121,scan1,transmission,[caisse3],0
3630,3631,client121,scan1,abandon,[],?
3632,3633,client121,caisse3,payer,[122.97],51.76
3634,3635,client122,scan1,debloquer,[],0
3636,3637,client122,scan1,scanner,[3560070976478],0
3638,3639,client122,scan1,scanner,[3560070048786],0
3640,3641,client122,scan1,scanner,[3245412567216],0
3642,3643,client122,scan1,scanner,[3245412567216],0
3644,3645,client122,scan1,scanner,[3560070048786],0
3646,3647,client122,scan1,scanner,[3560071097424],0
3648,3649,client122,scan1,transmission,[caisse1],0
3650,3651,client122,scan1,abandon,[],?
3652,3653,client122,caisse1,payer,[40.33],31.31
3654,3655,client123,scan2,debloquer,[],0
3656,3657,client123,scan2,scanner,[8718309259938],0
3658,3659,client123,scan2,scanner,[3046920010856],0
3660,3661,client123,scan2,scanner,[3270190022534],0
3662,3663,client123,scan2,scanner,[3560071097424],0
3664,3665,client123,scan2,scanner,[3017800238592],0
3666,3667,client123,scan2,transmission,[caisse1],0
3668,3669,client123,scan2,abandon,[],?
3670,3671,client123,caisse1,payer,[11.84],0
3672,3673,client124,scan3,debloquer,[],0
3674,3675,client124,scan3,scanner,[3474377910724],0
3676,3677,client124,scan3,scanner,[3474377910724],0
3678,3679,client124,scan3,scanner,[3270190022534],0
3680,3681,client124,scan3,transmission,[caisse1],0
3682,3683,client124,scan3,abandon,[],?
3684,3685,client124,caisse1,payer,[17.779999999999998],0
3686,3687,client125,scan2,debloquer,[],0
3688,3689,client125,scan2,scanner,[3270190022534],0
3690,3691,client125,scan2,scanner,[3017800238592],0
3692,3693,client125,scan2,transmission,[caisse1],0
3694,3695,client125,scan2,abandon,[],?
3696,3697,client125,caisse1,payer,[2.7800000000000002],0
3698,3699,client126,scan3,debloquer,[],0
3700,3701,client126,scan3,scanner,[3017800238592],0
3702,3703,client126,scan3,scanner,[5410188006711],0
3704,3705,client126,scan3,scanner,[3020120029030],0
3706,3707,client126,scan3,scanner,[3560070139675],0
3708,3709,client126,scan3,scanner,[3046920010856],0
3710,3711,client126,scan3,scanner,[7640164630021],-2
3712,3713,client126,scan3,supprimer,[7640164630021],-2
3714,3715,client126,scan3,scanner,[7640164630021],-2
3716,3717,client126,scan3,transmission,[caisse2],1
3718,3719,client126,scan3,scanner,[3017800238592],0
3720,3721,client126,scan3,scanner,[5410188006711],0
3722,3723,client126,scan3,scanner,[3020120029030],0
3724,3725,client126,scan3,scanner,[3560070139675],0
3726,3727,client126,scan3,scanner,[3046920010856],0
3728,3729,client126,scan3,transmission,[caisse2],0
3730,3731,client126,scan3,abandon,[],?
3732,3733,client126,caisse2,ouvrirSession,[],0
3734,3735,client126,caisse2,ajouter,[7640164630021],0
3736,3737,client126,caisse2,ajouter,[7640164630021],0
3738,3739,client126,caisse2,supprimer,[7640164630021],0
3740,3741,client126,caisse2,fermerSession,[],0
3742,3743,client126,caisse2,payer,[239.9],0
3744,3745,client127,scan3,debloquer,[],0
3746,3747,client127,scan3,scanner,[3520115810259],0
3748,3749,client127,scan3,scanner,[3520115810259],0
3750,3751,client127,scan3,scanner,[7640164630021],-2
3752,3753,client127,scan3,scanner,[3046920010856],0
3754,3755,client127,scan3,scanner,[3017620402678],0
3756,3757,client127,scan3,scanner,[7640164630021],-2
3758,3759,client127,scan3,supprimer,[7640164630021],-2
3760,3761,client127,scan3,scanner,[3017800238592],0
3762,3763,client127,scan3,supprimer,[7640164630021],-2
3764,3765,client127,scan3,scanner,[45496420598],0
3766,3767,client127,scan3,transmission,[caisse1],1
3768,3769,client127,scan3,scanner,[3520115810259],0
3770,3771,client127,scan3,scanner,[3520115810259],0
3772,3773,client127,scan3,scanner,[3046920010856],0
3774,3775,client127,scan3,scanner,[3017620402678],0
3776,3777,client127,scan3,scanner,[3017800238592],0
3778,3779,client127,scan3,scanner,[45496420598],0
3780,3781,client127,scan3,transmission,[caisse1],0
3782,3783,client127,scan3,abandon,[],?
3784,3785,client127,caisse1,ouvrirSession,[],0
3786,3787,client127,caisse1,ajouter,[7640164630021],0
3788,3789,client127,caisse1,ajouter,[7640164630021],0
3790,3791,client127,caisse1,supprimer,[7640164630021],0
3792,3793,client127,caisse1,supprimer,[7640164630021],0
3794,3795,client127,caisse1,fermerSession,[],0
3796,3797,client127,caisse1,payer,[111.39999999999993],33.36
3798,3799,client128,scan3,debloquer,[],0
3800,3801,client128,scan3,scanner,[3520115810259],0
3802,3803,client128,scan3,scanner,[3046920010856],0
3804,3805,client128,scan3,scanner,[3560070976478],0
3806,3807,client128,scan3,scanner,[5410188006711],0
3808,3809,client128,scan3,scanner,[3474377910724],0
3810,3811,client128,scan3,scanner,[3560070139675],0
3812,3813,client128,scan3,scanner,[3570590109324],-2
3814,3815,client128,scan3,supprimer,[3570590109324],-2
3816,3817,client128,scan3,transmission,[caisse2],1
3818,3819,client128,scan3,scanner,[3520115810259],0
3820,3821,client128,scan3,scanner,[3046920010856],0
3822,3823,client128,scan3,scanner,[3560070976478],0
3824,3825,client128,scan3,scanner,[5410188006711],0
3826,3827,client128,scan3,scanner,[3474377910724],0
3828,3829,client128,scan3,scanner,[3560070139675],0
3830,3831,client128,scan3,transmission,[caisse2],0
3832,3833,client128,scan3,abandon,[],?
3834,3835,client128,caisse2,ouvrirSession,[],0
3836,3837,client128,caisse2,ajouter,[3570590109324],0
3838,3839,client128,caisse2,supprimer,[3570590109324],0
3840,3841,client128,caisse2,fermerSession,[],0
3842,3843,client128,caisse2,payer,[40.55],15.42
3844,3845,client129,scan0,debloquer,[],0
3846,3847,client129,scan0,scanner,[3570590109324],-2
3848,3849,client129,scan0,scanner,[3560070976478],0
3850,3851,client129,scan0,scanner,[3245412567216],0
3852,3853,client129,scan0,scanner,[3046920010856],0
3854,3855,client129,scan0,scanner,[7640164630021],-2
3856,3857,client129,scan0,scanner,[3017800238592],0
3858,3859,client129,scan0,scanner,[3570590109324],-2
3860,3861,client129,scan0,scanner,[45496420598],0
3862,3863,client129,scan0,scanner,[3270190022534],0
3864,3865,client129,scan0,supprimer,[3570590109324],-2
3866,3867,client129,scan0,supprimer,[7640164630021],-2
3868,3869,client129,scan0,supprimer,[3570590109324],-2
3870,3871,client129,scan0,transmission,[caisse1],1
3872,3873,client129,scan0,scanner,[3560070976478],0
3874,3875,client129,scan0,scanner,[3245412567216],0
3876,3877,client129,scan0,scanner,[3046920010856],0
3878,3879,client129,scan0,scanner,[3017800238592],0
3880,3881,client129,scan0,scanner,[45496420598],0
3882,3883,client129,scan0,scanner,[3270190022534],0
3884,3885,client129,scan0,transmission,[caisse1],0
3886,3887,client129,scan0,abandon,[],?
3888,3889,client129,caisse1,ouvrirSession,[],0
3890,3891,client129,caisse1,ajouter,[3570590109324],0
3892,3893,client129,caisse1,ajouter,[7640164630021],0
3894,3895,client129,caisse1,ajouter,[3570590109324],0
3896,3897,client129,caisse1,supprimer,[3570590109324],0
3898,3899,client129,caisse1,supprimer,[7640164630021],0
3900,3901,client129,caisse1,supprimer,[3570590109324],0
3902,3903,client129,caisse1,fermerSession,[],0
3904,3905,client129,caisse1,payer,[138.16999999999993],74.98
3906,3907,client130,scan3,debloquer,[],0
3908,3909,client130,scan3,scanner,[3570590109324],-2
3910,3911,client130,scan3,scanner,[8718309259938],0
3912,3913,client130,scan3,scanner,[3046920010856],0
3914,3915,client130,scan3,scanner,[3245412567216],0
3916,3917,client130,scan3,scanner,[8718309259938],0
3918,3919,client130,scan3,scanner,[3560071097424],0
3920,3921,client130,scan3,supprimer,[3570590109324],-2
3922,3923,client130,scan3,scanner,[3270190022534],0
3924,3925,client130,scan3,scanner,[3570590109324],-2
3926,3927,client130,scan3,transmission,[caisse3],1
3928,3929,client130,scan3,scanner,[8718309259938],0
3930,3931,client130,scan3,scanner,[3046920010856],0
3932,3933,client130,scan3,scanner,[3245412567216],0
3934,3935,client130,scan3,scanner,[8718309259938],0
3936,3937,client130,scan3,scanner,[3560071097424],0
3938,3939,client130,scan3,scanner,[3270190022534],0
3940,3941,client130,scan3,transmission,[caisse3],0
3942,3943,client130,scan3,abandon,[],?
3944,3945,client130,caisse3,ouvrirSession,[],0
3946,3947,client130,caisse3,ajouter,[3570590109324],0
3948,3949,client130,caisse3,ajouter,[3570590109324],0
3950,3951,client130,caisse3,supprimer,[3570590109324],0
3952,3953,client130,caisse3,fermerSession,[],0
3954,3955,client130,caisse3,payer,[23.24],0
3956,3957,client131,scan3,debloquer,[],0
3958,3959,client131,scan3,scanner,[7640164630021],-2
3960,3961,client131,scan3,scanner,[3520115810259],0
3962,3963,client131,scan3,scanner,[3560071097424],0
3964,3965,client131,scan3,supprimer,[7640164630021],-2
3966,3967,client131,scan3,scanner,[3560071097424],0
3968,3969,client131,scan3,transmission,[caisse0],1
3970,3971,client131,scan3,scanner,[3520115810259],0
3972,3973,client131,scan3,scanner,[3560071097424],0
3974,3975,client131,scan3,scanner,[3560071097424],0
3976,3977,client131,scan3,transmission,[caisse0],0
3978,3979,client131,scan3,abandon,[],?
3980,3981,client131,caisse0,ouvrirSession,[],0
3982,3983,client131,caisse0,ajouter,[7640164630021],0
3984,3985,client131,caisse0,supprimer,[7640164630021],0
3986,3987,client131,caisse0,fermerSession,[],0
3988,3989,client131,caisse0,payer,[13.29000000000002],0
3990,3991,client132,scan2,debloquer,[],0
3992,3993,client132,scan2,scanner,[7640164630021],-2
3994,3995,client132,scan2,scanner,[3245412567216],0
3996,3997,client132,scan2,scanner,[3017620402678],0
3998,3999,client132,scan2,supprimer,[7640164630021],-2
4000,4001,client132,scan2,scanner,[8715700110622],0
4002,4003,client132,scan2,transmission,[caisse2],1
4004,4005,client132,scan2,scanner,[3245412567216],0
4006,4007,client132,scan2,scanner,[3017620402678],0
4008,4009,client132,scan2,scanner,[8715700110622],0
4010,4011,client132,scan2,transmission,[caisse2],0
4012,4013,client132,scan2,abandon,[],?
4014,4015,client132,caisse2,ouvrirSession,[],0
4016,4017,client132,caisse2,ajouter,[7640164630021],0
4018,4019,client132,caisse2,supprimer,[7640164630021],0
4020,4021,client132,caisse2,fermerSession,[],0
4022,4023,client132,caisse2,payer,[4.2900000000000205],0
