0,1,client0,scan2,debloquer,[],0
2,3,client0,scan2,scanner,[7640164630021],-2
4,5,client0,scan2,scanner,[3560070976478],0
6,7,client0,scan2,supprimer,[3560070976478],0
8,9,client0,scan2,scanner,[5410188006711],0
10,11,client0,scan2,scanner,[3245412567216],0
12,13,client0,scan2,transmission,[caisse0],0
14,15,client0,scan2,abandon,[],?
16,17,client0,caisse0,ouvrirSession,[],0
18,19,client0,caisse0,ajouter,[7640164630021],0
20,21,client0,caisse0,fermerSession,[],0
22,23,client0,caisse0,payer,[233.52],0
24,25,client1,scan1,debloquer,[],0
26,27,client1,scan1,scanner,[3570590109324],-2
28,29,client1,scan1,scanner,[3017620402678],0
30,31,client1,scan1,scanner,[3560071097424],0
32,33,client1,scan1,supprimer,[3560071097424],0
34,35,client1,scan1,scanner,[3560070976478],0
36,37,client1,scan1,scanner,[5410188006711],0
38,39,client1,scan1,transmission,[caisse3],0
40,41,client1,scan1,abandon,[],?
42,43,client1,caisse3,ouvrirSession,[],0
44,45,client1,caisse3,ajouter,[3570590109324],0
46,47,client1,caisse3,fermerSession,[],0
48,49,client1,caisse3,payer,[108.00999999999999],94.58
50,51,client2,scan0,debloquer,[],0
52,53,client2,scan0,scanner,[3020120029030],0
54,55,client2,scan0,scanner,[3245412567216],0
56,57,client2,scan0,scanner,[3560071097424],0
58,59,client2,scan0,supprimer,[3245412567216],0
60,61,client2,scan0,scanner,[3570590109324],-2
62,63,client2,scan0,scanner,[3046920010856],0
64,65,client2,scan0,supprimer,[3020120029030],0
66,67,client2,scan0,supprimer,[3560071097424],0
68,69,client2,scan0,transmission,[caisse2],0
70,71,client2,scan0,abandon,[],?
72,73,client2,caisse2,ouvrirSession,[],0
74,75,client2,caisse2,ajouter,[3570590109324],0
76,77,client2,caisse2,fermerSession,[],0
78,79,client2,caisse2,payer,[9.490000000000002],0
80,81,client3,scan1,debloquer,[],0
82,83,client3,scan1,scanner,[3570590109324],-2
84,85,client3,scan1,scanner,[3017620402678],0
86,87,client3,scan1,scanner,[3017620402678],0
88,89,client3,scan1,supprimer,[3017620402678],0
90,91,client3,scan1,transmission,[caisse0],0
92,93,client3,scan1,abandon,[],?
94,95,client3,caisse0,ouvrirSession,[],0
96,97,client3,caisse0,ajouter,[3570590109324],0
98,99,client3,caisse0,fermerSession,[],0
100,101,client3,caisse0,payer,[42.33],32.99
102,103,client4,scan0,debloquer,[],0
104,105,client4,scan0,scanner,[3570590109324],-2
106,107,client4,scan0,scanner,[8715700110622],0
108,109,client4,scan0,scanner,[3020120029030],0
110,111,client4,scan0,scanner,[3570590109324],-2
112,113,client4,scan0,scanner,[3560070139675],0
114,115,client4,scan0,supprimer,[8715700110622],0
116,117,client4,scan0,scanner,[3570590109324],-2
118,119,client4,scan0,transmission,[caisse0],0
120,121,client4,scan0,abandon,[],?
122,123,client4,caisse0,ouvrirSession,[],0
124,125,client4,caisse0,ajouter,[3570590109324],0
126,127,client4,caisse0,ajouter,[3570590109324],0
128,129,client4,caisse0,ajouter,[3570590109324],0
130,131,client4,caisse0,fermerSession,[],0
132,133,client4,caisse0,payer,[26.080000000000002],0
134,135,client5,scan2,debloquer,[],0
136,137,client5,scan2,scanner,[3560071097424],0
138,139,client5,scan2,scanner,[3560070048786],0
140,141,client5,scan2,scanner,[7640164630021],-2
142,143,client5,scan2,scanner,[8715700110622],0
144,145,client5,scan2,scanner,[7640164630021],-2
146,147,client5,scan2,supprimer,[3560071097424],0
148,149,client5,scan2,scanner,[7640164630021],-2
150,151,client5,scan2,supprimer,[3560070048786],0
152,153,client5,scan2,supprimer,[8715700110622],0
154,155,client5,scan2,scanner,[3017620402678],0
156,157,client5,scan2,transmission,[caisse1],0
158,159,client5,scan2,abandon,[],?
160,161,client5,caisse1,ouvrirSession,[],0
162,163,client5,caisse1,ajouter,[7640164630021],0
164,165,client5,caisse1,ajouter,[7640164630021],0
166,167,client5,caisse1,ajouter,[7640164630021],0
168,169,client5,caisse1,fermerSession,[],0
170,171,client5,caisse1,payer,[691.5600000000001],0
172,173,client6,scan3,debloquer,[],0
174,175,client6,scan3,scanner,[3046920010856],0
176,177,client6,scan3,scanner,[3570590109324],-2
178,179,client6,scan3,scanner,[7640164630021],-2
180,181,client6,scan3,supprimer,[3046920010856],0
182,183,client6,scan3,scanner,[3560070048786],0
184,185,client6,scan3,transmission,[caisse1],0
186,187,client6,scan3,abandon,[],?
188,189,client6,caisse1,ouvrirSession,[],0
190,191,client6,caisse1,ajouter,[3570590109324],0
192,193,client6,caisse1,ajouter,[7640164630021],0
194,195,client6,caisse1,fermerSession,[],0
196,197,client6,caisse1,payer,[238.25000000000003],0
198,199,client7,scan3,debloquer,[],0
200,201,client7,scan3,scanner,[3474377910724],0
202,203,client7,scan3,scanner,[3560070048786],0
204,205,client7,scan3,supprimer,[3474377910724],0
206,207,client7,scan3,supprimer,[3560070048786],0
208,209,client7,scan3,scanner,[3474377910724],0
210,211,client7,scan3,transmission,[caisse3],0
212,213,client7,scan3,abandon,[],?
214,215,client7,caisse3,payer,[95.53],86.93
216,217,client8,scan2,debloquer,[],0
218,219,client8,scan2,scanner,[3474377910724],0
220,221,client8,scan2,scanner,[3560071097424],0
222,223,client8,scan2,supprimer,[3560071097424],0
224,225,client8,scan2,transmission,[caisse2],0
226,227,client8,scan2,abandon,[],?
228,229,client8,caisse2,payer,[8.6],0
230,231,client9,scan0,debloquer,[],0
232,233,client9,scan0,scanner,[3560070048786],0
234,235,client9,scan0,supprimer,[3560070048786],0
236,237,client9,scan0,scanner,[3560070976478],0
238,239,client9,scan0,transmission,[caisse3],0
240,241,client9,scan0,abandon,[],?
242,243,client9,caisse3,payer,[49.43],47.49
244,245,client10,scan3,debloquer,[],0
246,247,client10,scan3,scanner,[3474377910724],0
248,249,client10,scan3,scanner,[3020120029030],0
250,251,client10,scan3,scanner,[3560070139675],0
252,253,client10,scan3,scanner,[3560070139675],0
254,255,client10,scan3,scanner,[3046920010856],0
256,257,client10,scan3,supprimer,[3560070139675],0
258,259,client10,scan3,supprimer,[3020120029030],0
260,261,client10,scan3,scanner,[3560070048786],0
262,263,client10,scan3,supprimer,[3474377910724],0
264,265,client10,scan3,transmission,[caisse2],0
266,267,client10,scan3,abandon,[],?
268,269,client10,caisse2,payer,[89.39999999999999],84.58
270,271,client11,scan3,debloquer,[],0
272,273,client11,scan3,scanner,[8715700110622],0
274,275,client11,scan3,scanner,[3560070048786],0
276,277,client11,scan3,scanner,[3520115810259],0
278,279,client11,scan3,scanner,[3560071097424],0
280,281,client11,scan3,supprimer,[3560070048786],0
282,283,client11,scan3,supprimer,[3560071097424],0
284,285,client11,scan3,supprimer,[8715700110622],0
286,287,client11,scan3,supprimer,[3520115810259],0
288,289,client11,scan3,scanner,[3017620402678],0
290,291,client11,scan3,transmission,[caisse0],0
292,293,client11,scan3,abandon,[],?
294,295,client11,caisse0,payer,[1.8600000000000019],0
296,297,client12,scan3,debloquer,[],0
298,299,client12,scan3,scanner,[45496420598],0
300,301,client12,scan3,supprimer,[45496420598],0
302,303,client12,scan3,scanner,[45496420598],0
304,305,client12,scan3,transmission,[caisse2],0
306,307,client12,scan3,abandon,[],?
308,309,client12,caisse2,payer,[54.99],0
310,311,client13,scan1,debloquer,[],0
312,313,client13,scan1,scanner,[3245412567216],0
314,315,client13,scan1,scanner,[3520115810259],0
316,317,client13,scan1,scanner,[3520115810259],0
318,319,client13,scan1,scanner,[3245412567216],0
320,321,client13,scan1,scanner,[3046920010856],0
322,323,client13,scan1,supprimer,[3245412567216],0
324,325,client13,scan1,scanner,[3474377910724],0
326,327,client13,scan1,transmission,[caisse3],0
328,329,client13,scan1,abandon,[],?
330,331,client13,caisse3,payer,[48.39],19.33
332,333,client14,scan0,debloquer,[],0
334,335,client14,scan0,scanner,[3245412567216],0
336,337,client14,scan0,scanner,[3017620402678],0
338,339,client14,scan0,scanner,[3245412567216],0
340,341,client14,scan0,scanner,[3020120029030],0
342,343,client14,scan0,supprimer,[3245412567216],0
344,345,client14,scan0,scanner,[3570590109324],-2
346,347,client14,scan0,scanner,[3560070139675],0
348,349,client14,scan0,supprimer,[3017620402678],0
350,351,client14,scan0,supprimer,[3560070139675],0
352,353,client14,scan0,transmission,[caisse1],1
354,355,client14,scan0,scanner,[3245412567216],0
356,357,client14,scan0,scanner,[45496420598],-3
358,359,client14,scan0,abandon,[],?
360,361,client15,scan2,debloquer,[],0
362,363,client15,scan2,scanner,[3046920010856],0
364,365,client15,scan2,scanner,[7640164630021],-2
366,367,client15,scan2,scanner,[3020120029030],0
368,369,client15,scan2,scanner,[3245412567216],0
370,371,client15,scan2,scanner,[7640164630021],-2
372,373,client15,scan2,supprimer,[3020120029030],0
374,375,client15,scan2,transmission,[caisse0],1
376,377,client15,scan2,scanner,[3520115810259],-3
378,379,client15,scan2,abandon,[],?
380,381,client16,scan1,debloquer,[],0
382,383,client16,scan1,scanner,[3270190022534],0
384,385,client16,scan1,scanner,[3270190022534],0
386,387,client16,scan1,scanner,[3560070048786],0
388,389,client16,scan1,scanner,[7640164630021],-2
390,391,client16,scan1,scanner,[45496420598],0
392,393,client16,scan1,scanner,[8715700110622],0
394,395,client16,scan1,supprimer,[45496420598],0
396,397,client16,scan1,supprimer,[3270190022534],0
398,399,client16,scan1,scanner,[3245412567216],0
400,401,client16,scan1,supprimer,[3245412567216],0
402,403,client16,scan1,supprimer,[8715700110622],0
404,405,client16,scan1,supprimer,[3560070048786],0
406,407,client16,scan1,transmission,[caisse2],1
408,409,client16,scan1,scanner,[3270190022534],0
410,411,client16,scan1,transmission,[caisse2],0
412,413,client16,scan1,abandon,[],?
414,415,client16,caisse2,ouvrirSession,[],0
416,417,client16,caisse2,ajouter,[7640164630021],0
418,419,client16,caisse2,fermerSession,[],0
420,421,client16,caisse2,payer,[230.47999999999996],0
422,423,client17,scan1,debloquer,[],0
424,425,client17,scan1,scanner,[3046920010856],0
426,427,client17,scan1,scanner,[45496420598],0
428,429,client17,scan1,scanner,[3017620402678],0
430,431,client17,scan1,supprimer,[3017620402678],0
432,433,client17,scan1,supprimer,[45496420598],0
434,435,client17,scan1,supprimer,[3046920010856],0
436,437,client17,scan1,scanner,[3570590109324],-2
438,439,client17,scan1,scanner,[3474377910724],0
440,441,client17,scan1,transmission,[caisse3],1
442,443,client17,scan1,scanner,[3474377910724],0
444,445,client17,scan1,transmission,[caisse3],0
446,447,client17,scan1,abandon,[],?
448,449,client17,caisse3,ouvrirSession,[],0
450,451,client17,caisse3,ajouter,[3570590109324],0
452,453,client17,caisse3,fermerSession,[],0
454,455,client17,caisse3,payer,[16.08],0
456,457,client18,scan1,debloquer,[],0
458,459,client18,scan1,scanner,[3570590109324],-2
460,461,client18,scan1,scanner,[8715700110622],0
462,463,client18,scan1,scanner,[8715700110622],0
464,465,client18,scan1,scanner,[45496420598],0
466,467,client18,scan1,scanner,[8715700110622],0
468,469,client18,scan1,supprimer,[8715700110622],0
470,471,client18,scan1,scanner,[7640164630021],-2
472,473,client18,scan1,supprimer,[8715700110622],0
474,475,client18,scan1,transmission,[caisse3],1
476,477,client18,scan1,scanner,[45496420598],0
478,479,client18,scan1,scanner,[8715700110622],0
480,481,client18,scan1,transmission,[caisse3],0
482,483,client18,scan1,abandon,[],?
484,485,client18,caisse3,ouvrirSession,[],0
486,487,client18,caisse3,ajouter,[3570590109324],0
488,489,client18,caisse3,ajouter,[7640164630021],0
490,491,client18,caisse3,fermerSession,[],0
492,493,client18,caisse3,payer,[345.90000000000003],52.57
494,495,client19,scan2,debloquer,[],0
496,497,client19,scan2,scanner,[7640164630021],-2
498,499,client19,scan2,scanner,[45496420598],0
500,501,client19,scan2,supprimer,[45496420598],0
502,503,client19,scan2,scanner,[3520115810259],0
504,505,client19,scan2,scanner,[3560070048786],0
506,507,client19,scan2,transmission,[caisse0],1
508,509,client19,scan2,scanner,[3520115810259],0
510,511,client19,scan2,scanner,[45496420598],-3
512,513,client19,scan2,abandon,[],?
514,515,client20,scan2,debloquer,[],0
516,517,client20,scan2,scanner,[7640164630021],-2
518,519,client20,scan2,scanner,[3046920010856],0
520,521,client20,scan2,scanner,[7640164630021],-2
522,523,client20,scan2,scanner,[3570590109324],-2
524,525,client20,scan2,scanner,[3020120029030],0
526,527,client20,scan2,supprimer,[3020120029030],0
528,529,client20,scan2,supprimer,[3046920010856],0
530,531,client20,scan2,scanner,[3560070139675],0
532,533,client20,scan2,transmission,[caisse0],1
534,535,client20,scan2,scanner,[3560070139675],0
536,537,client20,scan2,transmission,[caisse0],0
538,539,client20,scan2,abandon,[],?
540,541,client20,caisse0,ouvrirSession,[],0
542,543,client20,caisse0,ajouter,[7640164630021],0
544,545,client20,caisse0,ajouter,[7640164630021],0
546,547,client20,caisse0,ajouter,[3570590109324],0
548,549,client20,caisse0,fermerSession,[],0
550,551,client20,caisse0,payer,[469.22],0
552,553,client21,scan3,debloquer,[],0
554,555,client21,scan3,scanner,[3020120029030],0
556,557,client21,scan3,scanner,[7640164630021],-2
558,559,client21,scan3,scanner,[3245412567216],0
560,561,client21,scan3,scanner,[3570590109324],-2
562,563,client21,scan3,scanner,[3570590109324],-2
564,565,client21,scan3,scanner,[3560071097424],0
566,567,client21,scan3,supprimer,[7640164630021],-2
568,569,client21,scan3,scanner,[45496420598],0
570,571,client21,scan3,scanner,[45496420598],0
572,573,client21,scan3,supprimer,[45496420598],0
574,575,client21,scan3,supprimer,[3245412567216],0
576,577,client21,scan3,supprimer,[45496420598],0
578,579,client21,scan3,scanner,[3270190022534],0
580,581,client21,scan3,supprimer,[3270190022534],0
582,583,client21,scan3,supprimer,[3560071097424],0
584,585,client21,scan3,supprimer,[3570590109324],-2
586,587,client21,scan3,supprimer,[3570590109324],-2
588,589,client21,scan3,transmission,[caisse3],0
590,591,client21,scan3,abandon,[],?
592,593,client21,caisse3,ouvrirSession,[],0
594,595,client21,caisse3,ajouter,[7640164630021],0
596,597,client21,caisse3,ajouter,[3570590109324],0
598,599,client21,caisse3,ajouter,[3570590109324],0
600,601,client21,caisse3,supprimer,[3570590109324],0
602,603,client21,caisse3,supprimer,[7640164630021],0
604,605,client21,caisse3,supprimer,[3570590109324],0
606,607,client21,caisse3,fermerSession,[],0
608,609,client21,caisse3,payer,[34.71999999999993],33.02
610,611,client22,scan1,debloquer,[],0
612,613,client22,scan1,scanner,[5410188006711],0
614,615,client22,scan1,supprimer,[5410188006711],0
616,617,client22,scan1,scanner,[3017620402678],0
618,619,client22,scan1,scanner,[7640164630021],-2
620,621,client22,scan1,scanner,[3245412567216],0
622,623,client22,scan1,scanner,[3046920010856],0
624,625,client22,scan1,scanner,[3570590109324],-2
626,627,client22,scan1,supprimer,[7640164630021],-2
628,629,client22,scan1,supprimer,[3570590109324],-2
630,631,client22,scan1,transmission,[caisse3],0
632,633,client22,scan1,abandon,[],?
634,635,client22,caisse3,ouvrirSession,[],0
636,637,client22,caisse3,ajouter,[7640164630021],0
638,639,client22,caisse3,ajouter,[3570590109324],0
640,641,client22,caisse3,supprimer,[7640164630021],0
642,643,client22,caisse3,supprimer,[3570590109324],0
644,645,client22,caisse3,fermerSession,[],0
646,647,client22,caisse3,payer,[5.339999999999993],0
648,649,client23,scan3,debloquer,[],0
650,651,client23,scan3,scanner,[3570590109324],-2
652,653,client23,scan3,scanner,[3560071097424],0
654,655,client23,scan3,scanner,[3560070048786],0
656,657,client23,scan3,supprimer,[3560070048786],0
658,659,client23,scan3,supprimer,[3560071097424],0
660,661,client23,scan3,scanner,[3560070048786],0
662,663,client23,scan3,scanner,[3570590109324],-2
664,665,client23,scan3,supprimer,[3570590109324],-2
666,667,client23,scan3,supprimer,[3570590109324],-2
668,669,client23,scan3,transmission,[caisse0],0
670,671,client23,scan3,abandon,[],?
672,673,client23,caisse0,ouvrirSession,[],0
674,675,client23,caisse0,ajouter,[3570590109324],0
676,677,client23,caisse0,ajouter,[3570590109324],0
678,679,client23,caisse0,supprimer,[3570590109324],0
680,681,client23,caisse0,supprimer,[3570590109324],0
682,683,client23,caisse0,fermerSession,[],0
684,685,client23,caisse0,payer,[0.8699999999999992],0
686,687,client24,scan3,debloquer,[],0
688,689,client24,scan3,scanner,[3560071097424],0
690,691,client24,scan3,scanner,[3570590109324],-2
692,693,client24,scan3,scanner,[7640164630021],-2
694,695,client24,scan3,scanner,[3474377910724],0
696,697,client24,scan3,scanner,[3570590109324],-2
698,699,client24,scan3,supprimer,[3570590109324],-2
700,701,client24,scan3,supprimer,[7640164630021],-2
702,703,client24,scan3,supprimer,[3570590109324],-2
704,705,client24,scan3,supprimer,[3560071097424],0
706,707,client24,scan3,transmission,[caisse1],0
708,709,client24,scan3,abandon,[],?
710,711,client24,caisse1,ouvrirSession,[],0
712,713,client24,caisse1,ajouter,[3570590109324],0
714,715,client24,caisse1,ajouter,[7640164630021],0
716,717,client24,caisse1,ajouter,[3570590109324],0
718,719,client24,caisse1,supprimer,[3570590109324],0
720,721,client24,caisse1,supprimer,[3570590109324],0
722,723,client24,caisse1,supprimer,[7640164630021],0
724,725,client24,caisse1,fermerSession,[],0
726,727,client24,caisse1,payer,[8.599999999999994],0
728,729,client25,scan3,debloquer,[],0
730,731,client25,scan3,scanner,[3020120029030],0
732,733,client25,scan3,scanner,[7640164630021],-2
734,735,client25,scan3,supprimer,[3020120029030],0
736,737,client25,scan3,scanner,[3017620402678],0
738,739,client25,scan3,scanner,[7640164630021],-2
740,741,client25,scan3,supprimer,[7640164630021],-2
742,743,client25,scan3,supprimer,[7640164630021],-2
744,745,client25,scan3,transmission,[caisse2],0
746,747,client25,scan3,abandon,[],?
748,749,client25,caisse2,ouvrirSession,[],0
750,751,client25,caisse2,ajouter,[7640164630021],0
752,753,client25,caisse2,ajouter,[7640164630021],0
754,755,client25,caisse2,supprimer,[7640164630021],0
756,757,client25,caisse2,supprimer,[7640164630021],0
758,759,client25,caisse2,fermerSession,[],0
760,761,client25,caisse2,payer,[1.8600000000000136],0
762,763,client26,scan0,debloquer,[],0
764,765,client26,scan0,scanner,[3020120029030],0
766,767,client26,scan0,scanner,[3017800238592],0
768,769,client26,scan0,scanner,[7640164630021],-2
770,771,client26,scan0,scanner,[45496420598],0
772,773,client26,scan0,scanner,[7640164630021],-2
774,775,client26,scan0,scanner,[3560071097424],0
776,777,client26,scan0,supprimer,[7640164630021],-2
778,779,client26,scan0,supprimer,[7640164630021],-2
780,781,client26,scan0,scanner,[3560070048786],0
782,783,client26,scan0,supprimer,[3020120029030],0
784,785,client26,scan0,supprimer,[45496420598],0
786,787,client26,scan0,supprimer,[3560071097424],0
788,789,client26,scan0,supprimer,[3017800238592],0
790,791,client26,scan0,transmission,[caisse2],0
792,793,client26,scan0,abandon,[],?
794,795,client26,caisse2,ouvrirSession,[],0
796,797,client26,caisse2,ajouter,[7640164630021],0
798,799,client26,caisse2,ajouter,[7640164630021],0
800,801,client26,caisse2,supprimer,[7640164630021],0
802,803,client26,caisse2,supprimer,[7640164630021],0
804,805,client26,caisse2,fermerSession,[],0
806,807,client26,caisse2,payer,[0.8700000000000045],0
808,809,client27,scan2,debloquer,[],0
810,811,client27,scan2,scanner,[3560070048786],0
812,813,client27,scan2,scanner,[3560070048786],0
814,815,client27,scan2,supprimer,[3560070048786],0
816,817,client27,scan2,scanner,[3570590109324],-2
818,819,client27,scan2,scanner,[8715700110622],0
820,821,client27,scan2,supprimer,[3570590109324],-2
822,823,client27,scan2,supprimer,[3560070048786],0
824,825,client27,scan2,transmission,[caisse0],0
826,827,client27,scan2,abandon,[],?
828,829,client27,caisse0,ouvrirSession,[],0
830,831,client27,caisse0,ajouter,[3570590109324],0
832,833,client27,caisse0,supprimer,[3570590109324],0
834,835,client27,caisse0,fermerSession,[],0
836,837,client27,caisse0,payer,[64.36999999999999],63.41
838,839,client28,scan1,debloquer,[],0
840,841,client28,scan1,scanner,[3245412567216],0
842,843,client28,scan1,scanner,[3560071097424],0
844,845,client28,scan1,scanner,[3560071097424],0
846,847,client28,scan1,supprimer,[3245412567216],0
848,849,client28,scan1,scanner,[3046920010856],0
850,851,client28,scan1,supprimer,[3046920010856],0
852,853,client28,scan1,supprimer,[3560071097424],0
854,855,client28,scan1,transmission,[caisse0],1
856,857,client28,scan1,scanner,[3520115810259],-3
858,859,client28,scan1,abandon,[],?
860,861,client29,scan0,debloquer,[],0
862,863,client29,scan0,scanner,[3560070139675],0
864,865,client29,scan0,supprimer,[3560070139675],0
866,867,client29,scan0,scanner,[8715700110622],0
868,869,client29,scan0,scanner,[3017800238592],0
870,871,client29,scan0,transmission,[caisse0],1
872,873,client29,scan0,scanner,[3474377910724],-3
874,875,client29,scan0,abandon,[],?
876,877,client30,scan0,debloquer,[],0
878,879,client30,scan0,scanner,[45496420598],0
880,881,client30,scan0,scanner,[3560070139675],0
882,883,client30,scan0,scanner,[8718309259938],0
884,885,client30,scan0,scanner,[8715700110622],0
886,887,client30,scan0,supprimer,[8718309259938],0
888,889,client30,scan0,supprimer,[3560070139675],0
890,891,client30,scan0,transmission,[caisse2],1
892,893,client30,scan0,scanner,[45496420598],0
894,895,client30,scan0,scanner,[8715700110622],0
896,897,client30,scan0,transmission,[caisse2],0
898,899,client30,scan0,abandon,[],?
900,901,client30,caisse2,payer,[96.74000000000001],40.79
902,903,client31,scan1,debloquer,[],0
904,905,client31,scan1,scanner,[3017800238592],0
906,907,client31,scan1,scanner,[8715700110622],0
908,909,client31,scan1,scanner,[3017800238592],0
910,911,client31,scan1,scanner,[5410188006711],0
912,913,client31,scan1,supprimer,[3017800238592],0
914,915,client31,scan1,scanner,[3245412567216],0
916,917,client31,scan1,transmission,[caisse1],1
918,919,client31,scan1,scanner,[8715700110622],0
920,921,client31,scan1,scanner,[3046920010856],-3
922,923,client31,scan1,abandon,[],?
924,925,client32,scan1,debloquer,[],0
926,927,client32,scan1,scanner,[3020120029030],0
928,929,client32,scan1,scanner,[3474377910724],0
930,931,client32,scan1,scanner,[3017620402678],0
932,933,client32,scan1,scanner,[3560071097424],0
934,935,client32,scan1,scanner,[3474377910724],0
936,937,client32,scan1,supprimer,[3017620402678],0
938,939,client32,scan1,supprimer,[3020120029030],0
940,941,client32,scan1,supprimer,[3474377910724],0
942,943,client32,scan1,supprimer,[3474377910724],0
944,945,client32,scan1,supprimer,[3560071097424],0
946,947,client32,scan1,scanner,[3560070976478],0
948,949,client32,scan1,transmission,[caisse3],1
950,951,client32,scan1,scanner,[3560070976478],0
952,953,client32,scan1,transmission,[caisse3],0
954,955,client32,scan1,abandon,[],?
956,957,client32,caisse3,payer,[50.8],48.86
958,959,client33,scan1,debloquer,[],0
960,961,client33,scan1,scanner,[3474377910724],0
962,963,client33,scan1,supprimer,[3474377910724],0
964,965,client33,scan1,scanner,[3017800238592],0
966,967,client33,scan1,transmission,[caisse1],1
968,969,client33,scan1,scanner,[3017800238592],0
970,971,client33,scan1,transmission,[caisse1],0
972,973,client33,scan1,abandon,[],?
974,975,client33,caisse1,payer,[2.2],0
976,977,client34,scan0,debloquer,[],0
978,979,client34,scan0,scanner,[45496420598],0
980,981,client34,scan0,scanner,[3020120029030],0
982,983,client34,scan0,scanner,[3017620402678],0
984,985,client34,scan0,scanner,[3046920010856],0
986,987,client34,scan0,supprimer,[45496420598],0
988,989,client34,scan0,supprimer,[3020120029030],0
990,991,client34,scan0,scanner,[3245412567216],0
992,993,client34,scan0,supprimer,[3245412567216],0
994,995,client34,scan0,supprimer,[3017620402678],0
996,997,client34,scan0,transmission,[caisse1],1
998,999,client34,scan0,scanner,[5410188006711],-3
1000,1001,client34,scan0,abandon,[],?
1002,1003,client35,scan3,debloquer,[],0
1004,1005,client35,scan3,scanner,[3270190022534],0
1006,1007,client35,scan3,scanner,[8718309259938],0
1008,1009,client35,scan3,transmission,[caisse1],1
1010,1011,client35,scan3,scanner,[3270190022534],0
1012,1013,client35,scan3,scanner,[8718309259938],0
1014,1015,client35,scan3,transmission,[caisse1],0
1016,1017,client35,scan3,abandon,[],?
1018,1019,client35,caisse1,payer,[5.23],0
1020,1021,client36,scan2,debloquer,[],0
1022,1023,client36,scan2,scanner,[3560070976478],0
1024,1025,client36,scan2,scanner,[3474377910724],0
1026,1027,client36,scan2,transmission,[caisse3],1
1028,1029,client36,scan2,scanner,[3560070976478],0
1030,1031,client36,scan2,scanner,[3474377910724],0
1032,1033,client36,scan2,transmission,[caisse3],0
1034,1035,client36,scan2,abandon,[],?
1036,1037,client36,caisse3,payer,[10.54],0
1038,1039,client37,scan1,debloquer,[],0
1040,1041,client37,scan1,scanner,[8715700110622],0
1042,1043,client37,scan1,scanner,[45496420598],0
1044,1045,client37,scan1,scanner,[8718309259938],0
1046,1047,client37,scan1,transmission,[caisse1],1
1048,1049,client37,scan1,scanner,[8715700110622],0
1050,1051,client37,scan1,scanner,[45496420598],0
1052,1053,client37,scan1,scanner,[8718309259938],0
1054,1055,client37,scan1,transmission,[caisse1],0
1056,1057,client37,scan1,abandon,[],?
1058,1059,client37,caisse1,payer,[156.42],95.82
1060,1061,client38,scan1,debloquer,[],0
1062,1063,client38,scan1,scanner,[3017800238592],0
1064,1065,client38,scan1,scanner,[3245412567216],0
1066,1067,client38,scan1,scanner,[3474377910724],0
1068,1069,client38,scan1,scanner,[3245412567216],0
1070,1071,client38,scan1,scanner,[3560070976478],0
1072,1073,client38,scan1,transmission,[caisse2],1
1074,1075,client38,scan1,scanner,[3017800238592],0
1076,1077,client38,scan1,scanner,[3245412567216],0
1078,1079,client38,scan1,scanner,[3474377910724],0
1080,1081,client38,scan1,scanner,[3245412567216],0
1082,1083,client38,scan1,scanner,[3560070976478],0
1084,1085,client38,scan1,transmission,[caisse2],0
1086,1087,client38,scan1,abandon,[],?
1088,1089,client38,caisse2,payer,[26.54],10.86
1090,1091,client39,scan2,debloquer,[],0
1092,1093,client39,scan2,scanner,[3020120029030],0
1094,1095,client39,scan2,scanner,[3520115810259],0
1096,1097,client39,scan2,scanner,[5410188006711],0
1098,1099,client39,scan2,scanner,[3560071097424],0
1100,1101,client39,scan2,transmission,[caisse2],1
1102,1103,client39,scan2,scanner,[3020120029030],0
1104,1105,client39,scan2,scanner,[3520115810259],0
1106,1107,client39,scan2,scanner,[5410188006711],0
1108,1109,client39,scan2,scanner,[3560071097424],0
1110,1111,client39,scan2,transmission,[caisse2],0
1112,1113,client39,scan2,abandon,[],?
1114,1115,client39,caisse2,payer,[100.13],85.39
1116,1117,client40,scan1,debloquer,[],0
1118,1119,client40,scan1,scanner,[3560070048786],0
1120,1121,client40,scan1,scanner,[3046920010856],0
1122,1123,client40,scan1,transmission,[caisse0],1
1124,1125,client40,scan1,scanner,[3560070048786],0
1126,1127,client40,scan1,scanner,[3046920010856],0
1128,1129,client40,scan1,transmission,[caisse0],0
1130,1131,client40,scan1,abandon,[],?
1132,1133,client40,caisse0,payer,[10.14],7.26
1134,1135,client41,scan1,debloquer,[],0
1136,1137,client41,scan1,scanner,[3560070048786],0
1138,1139,client41,scan1,scanner,[3270190022534],0
1140,1141,client41,scan1,scanner,[3017800238592],0
1142,1143,client41,scan1,scanner,[3520115810259],0
1144,1145,client41,scan1,transmission,[caisse2],1
1146,1147,client41,scan1,scanner,[3560070048786],0
1148,1149,client41,scan1,scanner,[3270190022534],0
1150,1151,client41,scan1,scanner,[3017800238592],0
1152,1153,client41,scan1,scanner,[3520115810259],0
1154,1155,client41,scan1,transmission,[caisse2],0
1156,1157,client41,scan1,abandon,[],?
1158,1159,client41,caisse2,payer,[66.53999999999999],54.4
1160,1161,client42,scan3,debloquer,[],0
1162,1163,client42,scan3,scanner,[3520115810259],0
1164,1165,client42,scan3,scanner,[3474377910724],0
1166,1167,client42,scan3,scanner,[3560070139675],0
1168,1169,client42,scan3,transmission,[caisse2],1
1170,1171,client42,scan3,scanner,[3520115810259],0
1172,1173,client42,scan3,scanner,[3474377910724],0
1174,1175,client42,scan3,scanner,[3560070139675],0
1176,1177,client42,scan3,transmission,[caisse2],0
1178,1179,client42,scan3,abandon,[],?
1180,1181,client42,caisse2,payer,[19.03],0
1182,1183,client43,scan3,debloquer,[],0
1184,1185,client43,scan3,scanner,[8715700110622],0
1186,1187,client43,scan3,scanner,[3560071097424],0
1188,1189,client43,scan3,scanner,[8715700110622],0
1190,1191,client43,scan3,scanner,[8718309259938],0
1192,1193,client43,scan3,scanner,[3560070048786],0
1194,1195,client43,scan3,scanner,[3017620402678],0
1196,1197,client43,scan3,transmission,[caisse3],1
1198,1199,client43,scan3,scanner,[8715700110622],0
1200,1201,client43,scan3,scanner,[3560071097424],0
1202,1203,client43,scan3,scanner,[8715700110622],0
1204,1205,client43,scan3,scanner,[8718309259938],0
1206,1207,client43,scan3,scanner,[3560070048786],0
1208,1209,client43,scan3,scanner,[3017620402678],0
1210,1211,client43,scan3,transmission,[caisse3],0
1212,1213,client43,scan3,abandon,[],?
1214,1215,client43,caisse3,payer,[22.47],10.77
1216,1217,client44,scan0,debloquer,[],0
1218,1219,client44,scan0,scanner,[3560071097424],0
1220,1221,client44,scan0,scanner,[3560070976478],0
1222,1223,client44,scan0,transmission,[caisse2],1
1224,1225,client44,scan0,scanner,[3560071097424],0
1226,1227,client44,scan0,scanner,[3560070976478],0
1228,1229,client44,scan0,transmission,[caisse2],0
1230,1231,client44,scan0,abandon,[],?
1232,1233,client44,caisse2,payer,[4.34],0
1234,1235,client45,scan2,debloquer,[],0
1236,1237,client45,scan2,scanner,[3520115810259],0
1238,1239,client45,scan2,scanner,[3017620402678],0
1240,1241,client45,scan2,scanner,[8715700110622],0
1242,1243,client45,scan2,scanner,[3046920010856],0
1244,1245,client45,scan2,transmission,[caisse2],1
1246,1247,client45,scan2,scanner,[3520115810259],0
1248,1249,client45,scan2,scanner,[3017620402678],0
1250,1251,client45,scan2,scanner,[8715700110622],0
1252,1253,client45,scan2,scanner,[3046920010856],0
1254,1255,client45,scan2,transmission,[caisse2],0
1256,1257,client45,scan2,abandon,[],?
1258,1259,client45,caisse2,payer,[45.69],32.37
1260,1261,client46,scan1,debloquer,[],0
1262,1263,client46,scan1,scanner,[3560071097424],0
1264,1265,client46,scan1,scanner,[45496420598],0
1266,1267,client46,scan1,scanner,[3520115810259],0
1268,1269,client46,scan1,transmission,[caisse2],1
1270,1271,client46,scan1,scanner,[3560071097424],0
1272,1273,client46,scan1,scanner,[45496420598],0
1274,1275,client46,scan1,scanner,[3520115810259],0
1276,1277,client46,scan1,transmission,[caisse2],0
1278,1279,client46,scan1,abandon,[],?
1280,1281,client46,caisse2,payer,[65.88],0
1282,1283,client47,scan0,debloquer,[],0
1284,1285,client47,scan0,scanner,[3560070976478],0
1286,1287,client47,scan0,scanner,[3560070976478],0
1288,1289,client47,scan0,scanner,[3245412567216],0
1290,1291,client47,scan0,scanner,[3474377910724],0
1292,1293,client47,scan0,scanner,[3270190022534],0
1294,1295,client47,scan0,scanner,[3270190022534],0
1296,1297,client47,scan0,transmission,[caisse3],1
1298,1299,client47,scan0,scanner,[3560070976478],0
1300,1301,client47,scan0,scanner,[3560070976478],0
1302,1303,client47,scan0,scanner,[3245412567216],0
1304,1305,client47,scan0,scanner,[3474377910724],0
1306,1307,client47,scan0,scanner,[3270190022534],0
1308,1309,client47,scan0,scanner,[3270190022534],0
1310,1311,client47,scan0,transmission,[caisse3],0
1312,1313,client47,scan0,abandon,[],?
1314,1315,client47,caisse3,payer,[15.11],0
1316,1317,client48,scan3,debloquer,[],0
1318,1319,client48,scan3,scanner,[3017620402678],0
1320,1321,client48,scan3,scanner,[3474377910724],0
1322,1323,client48,scan3,scanner,[8715700110622],0
1324,1325,client48,scan3,transmission,[caisse0],1
1326,1327,client48,scan3,scanner,[3017620402678],0
1328,1329,client48,scan3,scanner,[3474377910724],0
1330,1331,client48,scan3,scanner,[8715700110622],0
1332,1333,client48,scan3,transmission,[caisse0],0
1334,1335,client48,scan3,abandon,[],?
1336,1337,client48,caisse0,payer,[98.01],86.59
1338,1339,client49,scan2,debloquer,[],0
1340,1341,client49,scan2,scanner,[3046920010856],0
1342,1343,client49,scan2,scanner,[3245412567216],0
1344,1345,client49,scan2,scanner,[7640164630021],-2
1346,1347,client49,scan2,transmission,[caisse1],1
1348,1349,client49,scan2,scanner,[3046920010856],0
1350,1351,client49,scan2,scanner,[3245412567216],0
1352,1353,client49,scan2,transmission,[caisse1],0
1354,1355,client49,scan2,abandon,[],?
1356,1357,client49,caisse1,ouvrirSession,[],0
1358,1359,client49,caisse1,ajouter,[7640164630021],0
1360,1361,client49,caisse1,fermerSession,[],0
1362,1363,client49,caisse1,payer,[244.48],11.1
1364,1365,client50,scan0,debloquer,[],0
1366,1367,client50,scan0,scanner,[3560070048786],0
1368,1369,client50,scan0,scanner,[3570590109324],-2
1370,1371,client50,scan0,scanner,[3017620402678],0
1372,1373,client50,scan0,scanner,[3020120029030],0
1374,1375,client50,scan0,scanner,[3245412567216],0
1376,1377,client50,scan0,scanner,[3017620402678],0
1378,1379,client50,scan0,scanner,[3570590109324],-2
1380,1381,client50,scan0,scanner,[3560070976478],0
1382,1383,client50,scan0,transmission,[caisse2],1
1384,1385,client50,scan0,scanner,[3560070048786],0
1386,1387,client50,scan0,scanner,[3017620402678],0
1388,1389,client50,scan0,scanner,[3020120029030],0
1390,1391,client50,scan0,scanner,[3245412567216],0
1392,1393,client50,scan0,scanner,[3017620402678],0
1394,1395,client50,scan0,scanner,[3560070976478],0
1396,1397,client50,scan0,transmission,[caisse2],0
1398,1399,client50,scan0,abandon,[],?
1400,1401,client50,caisse2,ouvrirSession,[],0
1402,1403,client50,caisse2,ajouter,[3570590109324],0
1404,1405,client50,caisse2,ajouter,[3570590109324],0
1406,1407,client50,caisse2,fermerSession,[],0
1408,1409,client50,caisse2,payer,[24.66],0
1410,1411,client51,scan1,debloquer,[],0
1412,1413,client51,scan1,scanner,[3570590109324],-2
1414,1415,client51,scan1,scanner,[7640164630021],-2
1416,1417,client51,scan1,scanner,[3245412567216],0
1418,1419,client51,scan1,scanner,[3560070976478],0
1420,1421,client51,scan1,scanner,[5410188006711],0
1422,1423,client51,scan1,scanner,[3520115810259],0
1424,1425,client51,scan1,scanner,[3017620402678],0
1426,1427,client51,scan1,transmission,[caisse3],1
1428,1429,client51,scan1,scanner,[3245412567216],0
1430,1431,client51,scan1,scanner,[3560070976478],0
1432,1433,client51,scan1,scanner,[5410188006711],0
1434,1435,client51,scan1,scanner,[3520115810259],0
1436,1437,client51,scan1,scanner,[3017620402678],0
1438,1439,client51,scan1,transmission,[caisse3],0
1440,1441,client51,scan1,abandon,[],?
1442,1443,client51,caisse3,ouvrirSession,[],0
1444,1445,client51,caisse3,ajouter,[3570590109324],0
1446,1447,client51,caisse3,ajouter,[7640164630021],0
1448,1449,client51,caisse3,fermerSession,[],0
1450,1451,client51,caisse3,payer,[334.90000000000003],81.61
1452,1453,client52,scan0,debloquer,[],0
1454,1455,client52,scan0,scanner,[7640164630021],-2
1456,1457,client52,scan0,scanner,[8715700110622],0
1458,1459,client52,scan0,scanner,[3474377910724],0
1460,1461,client52,scan0,scanner,[45496420598],0
1462,1463,client52,scan0,scanner,[7640164630021],-2
1464,1465,client52,scan0,scanner,[3046920010856],0
1466,1467,client52,scan0,scanner,[3570590109324],-2
1468,1469,client52,scan0,scanner,[3560070048786],0
1470,1471,client52,scan0,transmission,[caisse2],1
1472,1473,client52,scan0,scanner,[8715700110622],0
1474,1475,client52,scan0,scanner,[3474377910724],0
1476,1477,client52,scan0,scanner,[45496420598],0
1478,1479,client52,scan0,scanner,[3046920010856],0
1480,1481,client52,scan0,scanner,[3560070048786],0
1482,1483,client52,scan0,transmission,[caisse2],0
1484,1485,client52,scan0,abandon,[],?
1486,1487,client52,caisse2,ouvrirSession,[],0
1488,1489,client52,caisse2,ajouter,[7640164630021],0
1490,1491,client52,caisse2,ajouter,[7640164630021],0
1492,1493,client52,caisse2,ajouter,[3570590109324],0
1494,1495,client52,caisse2,fermerSession,[],0
1496,1497,client52,caisse2,payer,[534.71],0
1498,1499,client53,scan0,debloquer,[],0
1500,1501,client53,scan0,scanner,[3570590109324],-2
1502,1503,client53,scan0,scanner,[3560071097424],0
1504,1505,client53,scan0,scanner,[3270190022534],0
1506,1507,client53,scan0,scanner,[5410188006711],0
1508,1509,client53,scan0,scanner,[3020120029030],0
1510,1511,client53,scan0,scanner,[3520115810259],0
1512,1513,client53,scan0,transmission,[caisse0],1
1514,1515,client53,scan0,scanner,[3560071097424],0
1516,1517,client53,scan0,scanner,[3270190022534],0
1518,1519,client53,scan0,scanner,[5410188006711],0
1520,1521,client53,scan0,scanner,[3020120029030],0
1522,1523,client53,scan0,scanner,[3520115810259],0
1524,1525,client53,scan0,transmission,[caisse0],0
1526,1527,client53,scan0,abandon,[],?
1528,1529,client53,caisse0,ouvrirSession,[],0
1530,1531,client53,caisse0,ajouter,[3570590109324],0
1532,1533,client53,caisse0,fermerSession,[],0
1534,1535,client53,caisse0,payer,[22.8],0
1536,1537,client54,scan1,debloquer,[],0
1538,1539,client54,scan1,scanner,[5410188006711],0
1540,1541,client54,scan1,scanner,[3570590109324],-2
1542,1543,client54,scan1,scanner,[3520115810259],0
1544,1545,client54,scan1,scanner,[45496420598],0
1546,1547,client54,scan1,transmission,[caisse2],1
1548,1549,client54,scan1,scanner,[5410188006711],0
1550,1551,client54,scan1,scanner,[3520115810259],0
1552,1553,client54,scan1,scanner,[45496420598],0
1554,1555,client54,scan1,transmission,[caisse2],0
1556,1557,client54,scan1,abandon,[],?
1558,1559,client54,caisse2,ouvrirSession,[],0
1560,1561,client54,caisse2,ajouter,[3570590109324],0
1562,1563,client54,caisse2,fermerSession,[],0
1564,1565,client54,caisse2,payer,[109.39],36.28
1566,1567,client55,scan2,debloquer,[],0
1568,1569,client55,scan2,scanner,[45496420598],0
1570,1571,client55,scan2,scanner,[3570590109324],-2
1572,1573,client55,scan2,scanner,[7640164630021],-2
1574,1575,client55,scan2,scanner,[7640164630021],-2
1576,1577,client55,scan2,scanner,[8715700110622],0
1578,1579,client55,scan2,transmission,[caisse2],1
1580,1581,client55,scan2,scanner,[45496420598],0
1582,1583,client55,scan2,scanner,[8715700110622],0
1584,1585,client55,scan2,transmission,[caisse2],0
1586,1587,client55,scan2,abandon,[],?
1588,1589,client55,caisse2,ouvrirSession,[],0
1590,1591,client55,caisse2,ajouter,[3570590109324],0
1592,1593,client55,caisse2,ajouter,[7640164630021],0
1594,1595,client55,caisse2,ajouter,[7640164630021],0
1596,1597,client55,caisse2,fermerSession,[],0
1598,1599,client55,caisse2,payer,[523.23],0
1600,1601,client56,scan0,debloquer,[],0
1602,1603,client56,scan0,scanner,[5410188006711],0
1604,1605,client56,scan0,scanner,[3520115810259],0
1606,1607,client56,scan0,scanner,[3560070139675],0
1608,1609,client56,scan0,scanner,[5410188006711],0
1610,1611,client56,scan0,transmission,[caisse1],1
1612,1613,client56,scan0,scanner,[5410188006711],0
1614,1615,client56,scan0,scanner,[3520115810259],0
1616,1617,client56,scan0,scanner,[3560070139675],0
1618,1619,client56,scan0,scanner,[5410188006711],0
1620,1621,client56,scan0,transmission,[caisse1],0
1622,1623,client56,scan0,abandon,[],?
1624,1625,client56,caisse1,payer,[14.73],0
1626,1627,client57,scan1,debloquer,[],0
1628,1629,client57,scan1,scanner,[3017800238592],0
1630,1631,client57,scan1,scanner,[3017620402678],0
1632,1633,client57,scan1,scanner,[45496420598],0
1634,1635,client57,scan1,scanner,[3270190022534],0
1636,1637,client57,scan1,scanner,[3270190022534],0
1638,1639,client57,scan1,scanner,[3474377910724],0
1640,1641,client57,scan1,transmission,[caisse2],1
1642,1643,client57,scan1,scanner,[3017800238592],0
1644,1645,client57,scan1,scanner,[3017620402678],0
1646,1647,client57,scan1,scanner,[45496420598],0
1648,1649,client57,scan1,scanner,[3270190022534],0
1650,1651,client57,scan1,scanner,[3270190022534],0
1652,1653,client57,scan1,scanner,[3474377910724],0
1654,1655,client57,scan1,transmission,[caisse2],0
1656,1657,client57,scan1,abandon,[],?
1658,1659,client57,caisse2,payer,[68.81],0
1660,1661,client58,scan2,debloquer,[],0
1662,1663,client58,scan2,scanner,[3520115810259],0
1664,1665,client58,scan2,scanner,[45496420598],0
1666,1667,client58,scan2,scanner,[8715700110622],0
1668,1669,client58,scan2,scanner,[3046920010856],0
1670,1671,client58,scan2,scanner,[8715700110622],0
1672,1673,client58,scan2,scanner,[8715700110622],0
1674,1675,client58,scan2,transmission,[caisse1],1
1676,1677,client58,scan2,scanner,[3520115810259],0
1678,1679,client58,scan2,scanner,[45496420598],0
1680,1681,client58,scan2,scanner,[8715700110622],0
1682,1683,client58,scan2,scanner,[3046920010856],0
1684,1685,client58,scan2,scanner,[5410188006711],-3
1686,1687,client58,scan2,abandon,[],?
1688,1689,client59,scan2,debloquer,[],0
1690,1691,client59,scan2,scanner,[3560070139675],0
1692,1693,client59,scan2,scanner,[3017800238592],0
1694,1695,client59,scan2,scanner,[3560070048786],0
1696,1697,client59,scan2,transmission,[caisse3],1
1698,1699,client59,scan2,scanner,[3560070139675],0
1700,1701,client59,scan2,scanner,[3017800238592],0
1702,1703,client59,scan2,scanner,[3560070048786],0
1704,1705,client59,scan2,transmission,[caisse3],0
1706,1707,client59,scan2,abandon,[],?
1708,1709,client59,caisse3,payer,[14.400000000000002],9.39
1710,1711,client60,scan2,debloquer,[],0
1712,1713,client60,scan2,scanner,[3270190022534],0
1714,1715,client60,scan2,scanner,[3520115810259],0
1716,1717,client60,scan2,scanner,[3245412567216],0
1718,1719,client60,scan2,scanner,[3046920010856],0
1720,1721,client60,scan2,scanner,[3560070139675],0
1722,1723,client60,scan2,transmission,[caisse3],1
1724,1725,client60,scan2,scanner,[3270190022534],0
1726,1727,client60,scan2,scanner,[3520115810259],0
1728,1729,client60,scan2,scanner,[3245412567216],0
1730,1731,client60,scan2,scanner,[3046920010856],0
1732,1733,client60,scan2,scanner,[3046920010856],-3
1734,1735,client60,scan2,abandon,[],?
1736,1737,client61,scan2,debloquer,[],0
1738,1739,client61,scan2,scanner,[3020120029030],0
1740,1741,client61,scan2,scanner,[3017620402678],0
1742,1743,client61,scan2,transmission,[caisse1],1
1744,1745,client61,scan2,scanner,[3020120029030],0
1746,1747,client61,scan2,scanner,[3017620402678],0
1748,1749,client61,scan2,transmission,[caisse1],0
1750,1751,client61,scan2,abandon,[],?
1752,1753,client61,caisse1,payer,[3.56],0
1754,1755,client62,scan2,debloquer,[],0
1756,1757,client62,scan2,scanner,[3020120029030],0
1758,1759,client62,scan2,scanner,[3520115810259],0
1760,1761,client62,scan2,transmission,[caisse2],1
1762,1763,client62,scan2,scanner,[3017800238592],-3
1764,1765,client62,scan2,abandon,[],?
1766,1767,client63,scan1,debloquer,[],0
1768,1769,client63,scan1,scanner,[3570590109324],-2
1770,1771,client63,scan1,scanner,[3520115810259],0
1772,1773,client63,scan1,scanner,[3245412567216],0
1774,1775,client63,scan1,scanner,[3560071097424],0
1776,1777,client63,scan1,supprimer,[3570590109324],-2
1778,1779,client63,scan1,scanner,[3017800238592],0
1780,1781,client63,scan1,scanner,[3560070048786],0
1782,1783,client63,scan1,scanner,[45496420598],0
1784,1785,client63,scan1,transmission,[caisse0],1
1786,1787,client63,scan1,scanner,[3520115810259],0
1788,1789,client63,scan1,scanner,[3245412567216],0
1790,1791,client63,scan1,scanner,[3560071097424],0
1792,1793,client63,scan1,scanner,[3020120029030],-3
1794,1795,client63,scan1,abandon,[],?
1796,1797,client64,scan1,debloquer,[],0
1798,1799,client64,scan1,scanner,[5410188006711],0
1800,1801,client64,scan1,scanner,[3570590109324],-2
1802,1803,client64,scan1,scanner,[3046920010856],0
1804,1805,client64,scan1,scanner,[3474377910724],0
1806,1807,client64,scan1,scanner,[3560070976478],0
1808,1809,client64,scan1,scanner,[7640164630021],-2
1810,1811,client64,scan1,supprimer,[3570590109324],-2
1812,1813,client64,scan1,supprimer,[7640164630021],-2
1814,1815,client64,scan1,transmission,[caisse1],1
1816,1817,client64,scan1,scanner,[5410188006711],0
1818,1819,client64,scan1,scanner,[3046920010856],0
1820,1821,client64,scan1,scanner,[8718309259938],-3
1822,1823,client64,scan1,abandon,[],?
1824,1825,client65,scan3,debloquer,[],0
1826,1827,client65,scan3,scanner,[3560070048786],0
1828,1829,client65,scan3,scanner,[3245412567216],0
1830,1831,client65,scan3,scanner,[3570590109324],-2
1832,1833,client65,scan3,scanner,[3570590109324],-2
1834,1835,client65,scan3,supprimer,[3570590109324],-2
1836,1837,client65,scan3,transmission,[caisse2],1
1838,1839,client65,scan3,scanner,[3560070048786],0
1840,1841,client65,scan3,scanner,[3245412567216],0
1842,1843,client65,scan3,transmission,[caisse2],0
1844,1845,client65,scan3,abandon,[],?
1846,1847,client65,caisse2,ouvrirSession,[],0
1848,1849,client65,caisse2,ajouter,[3570590109324],0
1850,1851,client65,caisse2,ajouter,[3570590109324],0
1852,1853,client65,caisse2,supprimer,[3570590109324],0
1854,1855,client65,caisse2,fermerSession,[],0
1856,1857,client65,caisse2,payer,[55.21],45.39
1858,1859,client66,scan0,debloquer,[],0
1860,1861,client66,scan0,scanner,[3270190022534],0
1862,1863,client66,scan0,scanner,[3560070048786],0
1864,1865,client66,scan0,scanner,[7640164630021],-2
1866,1867,client66,scan0,supprimer,[7640164630021],-2
1868,1869,client66,scan0,scanner,[3570590109324],-2
1870,1871,client66,scan0,transmission,[caisse3],1
1872,1873,client66,scan0,scanner,[3270190022534],0
1874,1875,client66,scan0,scanner,[3560070048786],0
1876,1877,client66,scan0,transmission,[caisse3],0
1878,1879,client66,scan0,abandon,[],?
1880,1881,client66,caisse3,ouvrirSession,[],0
1882,1883,client66,caisse3,ajouter,[7640164630021],0
1884,1885,client66,caisse3,ajouter,[3570590109324],0
1886,1887,client66,caisse3,supprimer,[7640164630021],0
1888,1889,client66,caisse3,fermerSession,[],0
1890,1891,client66,caisse3,payer,[80.31999999999998],71.39
1892,1893,client67,scan1,debloquer,[],0
1894,1895,client67,scan1,scanner,[7640164630021],-2
1896,1897,client67,scan1,scanner,[7640164630021],-2
1898,1899,client67,scan1,scanner,[3017800238592],0
1900,1901,client67,scan1,scanner,[3474377910724],0
1902,1903,client67,scan1,scanner,[5410188006711],0
1904,1905,client67,scan1,scanner,[3560070139675],0
1906,1907,client67,scan1,scanner,[7640164630021],-2
1908,1909,client67,scan1,supprimer,[7640164630021],-2
1910,1911,client67,scan1,supprimer,[7640164630021],-2
1912,1913,client67,scan1,scanner,[3560070048786],0
1914,1915,client67,scan1,supprimer,[7640164630021],-2
1916,1917,client67,scan1,scanner,[3017800238592],0
1918,1919,client67,scan1,transmission,[caisse0],1
1920,1921,client67,scan1,scanner,[3017800238592],0
1922,1923,client67,scan1,scanner,[3474377910724],0
1924,1925,client67,scan1,scanner,[5410188006711],0
1926,1927,client67,scan1,scanner,[3560070139675],0
1928,1929,client67,scan1,scanner,[3046920010856],-3
1930,1931,client67,scan1,abandon,[],?
1932,1933,client68,scan0,debloquer,[],0
1934,1935,client68,scan0,scanner,[3570590109324],-2
1936,1937,client68,scan0,scanner,[3245412567216],0
1938,1939,client68,scan0,scanner,[3020120029030],0
1940,1941,client68,scan0,scanner,[3560070139675],0
1942,1943,client68,scan0,scanner,[7640164630021],-2
1944,1945,client68,scan0,supprimer,[3570590109324],-2
1946,1947,client68,scan0,supprimer,[7640164630021],-2
1948,1949,client68,scan0,transmission,[caisse1],1
1950,1951,client68,scan0,scanner,[3474377910724],-3
1952,1953,client68,scan0,abandon,[],?
1954,1955,client69,scan0,debloquer,[],0
1956,1957,client69,scan0,scanner,[3570590109324],-2
1958,1959,client69,scan0,scanner,[3560070139675],0
1960,1961,client69,scan0,scanner,[5410188006711],0
1962,1963,client69,scan0,scanner,[7640164630021],-2
1964,1965,client69,scan0,supprimer,[3570590109324],-2
1966,1967,client69,scan0,transmission,[caisse2],1
1968,1969,client69,scan0,scanner,[3020120029030],-3
1970,1971,client69,scan0,abandon,[],?
1972,1973,client70,scan2,debloquer,[],0
1974,1975,client70,scan2,scanner,[3474377910724],0
1976,1977,client70,scan2,scanner,[3570590109324],-2
1978,1979,client70,scan2,scanner,[3017800238592],0
1980,1981,client70,scan2,scanner,[3560070976478],0
1982,1983,client70,scan2,scanner,[7640164630021],-2
1984,1985,client70,scan2,scanner,[7640164630021],-2
1986,1987,client70,scan2,transmission,[caisse1],1
1988,1989,client70,scan2,scanner,[3474377910724],0
1990,1991,client70,scan2,scanner,[3245412567216],-3
1992,1993,client70,scan2,abandon,[],?
1994,1995,client71,scan0,debloquer,[],0
1996,1997,client71,scan0,scanner,[8718309259938],0
1998,1999,client71,scan0,scanner,[8718309259938],0
2000,2001,client71,scan0,scanner,[7640164630021],-2
2002,2003,client71,scan0,scanner,[7640164630021],-2
2004,2005,client71,scan0,scanner,[45496420598],0
2006,2007,client71,scan0,scanner,[3520115810259],0
2008,2009,client71,scan0,scanner,[3560070139675],0
2010,2011,client71,scan0,transmission,[caisse1],1
2012,2013,client71,scan0,scanner,[8718309259938],0
2014,2015,client71,scan0,scanner,[8718309259938],0
2016,2017,client71,scan0,scanner,[45496420598],0
2018,2019,client71,scan0,scanner,[3520115810259],0
2020,2021,client71,scan0,scanner,[3560071097424],-3
2022,2023,client71,scan0,abandon,[],?
2024,2025,client72,scan3,debloquer,[],0
2026,2027,client72,scan3,scanner,[5410188006711],0
2028,2029,client72,scan3,scanner,[3020120029030],0
2030,2031,client72,scan3,scanner,[3560070048786],0
2032,2033,client72,scan3,scanner,[3017620402678],0
2034,2035,client72,scan3,scanner,[8715700110622],0
2036,2037,client72,scan3,scanner,[3560070139675],0
2038,2039,client72,scan3,scanner,[7640164630021],-2
2040,2041,client72,scan3,transmission,[caisse1],1
2042,2043,client72,scan3,scanner,[5410188006711],0
2044,2045,client72,scan3,scanner,[3020120029030],0
2046,2047,client72,scan3,scanner,[3560070048786],0
2048,2049,client72,scan3,scanner,[3017620402678],0
2050,2051,client72,scan3,scanner,[8715700110622],0
2052,2053,client72,scan3,scanner,[3560070976478],-3
2054,2055,client72,scan3,abandon,[],?
2056,2057,client73,scan1,debloquer,[],0
2058,2059,client73,scan1,scanner,[7640164630021],-2
2060,2061,client73,scan1,scanner,[45496420598],0
2062,2063,client73,scan1,scanner,[45496420598],0
2064,2065,client73,scan1,transmission,[caisse3],1
2066,2067,client73,scan1,scanner,[45496420598],0
2068,2069,client73,scan1,scanner,[3017620402678],-3
2070,2071,client73,scan1,abandon,[],?
2072,2073,client74,scan1,debloquer,[],0
2074,2075,client74,scan1,scanner,[3474377910724],0
2076,2077,client74,scan1,scanner,[45496420598],0
2078,2079,client74,scan1,scanner,[3270190022534],0
2080,2081,client74,scan1,scanner,[3560070976478],0
2082,2083,client74,scan1,scanner,[3570590109324],-2
2084,2085,client74,scan1,transmission,[caisse2],1
2086,2087,client74,scan1,scanner,[3474377910724],0
2088,2089,client74,scan1,scanner,[45496420598],0
2090,2091,client74,scan1,scanner,[3270190022534],0
2092,2093,client74,scan1,scanner,[3270190022534],-3
2094,2095,client74,scan1,abandon,[],?
2096,2097,client75,scan2,debloquer,[],0
2098,2099,client75,scan2,scanner,[8718309259938],0
2100,2101,client75,scan2,scanner,[3570590109324],-2
2102,2103,client75,scan2,scanner,[7640164630021],-2
2104,2105,client75,scan2,scanner,[3560070976478],0
2106,2107,client75,scan2,scanner,[3560070048786],0
2108,2109,client75,scan2,scanner,[3570590109324],-2
2110,2111,client75,scan2,transmission,[caisse2],1
2112,2113,client75,scan2,scanner,[8718309259938],0
2114,2115,client75,scan2,scanner,[5410188006711],-3
2116,2117,client75,scan2,abandon,[],?
2118,2119,client76,scan2,debloquer,[],0
2120,2121,client76,scan2,scanner,[3046920010856],0
2122,2123,client76,scan2,scanner,[7640164630021],-2
2124,2125,client76,scan2,scanner,[3560070139675],0
2126,2127,client76,scan2,scanner,[3270190022534],0
2128,2129,client76,scan2,scanner,[7640164630021],-2
2130,2131,client76,scan2,scanner,[3560070139675],0
2132,2133,client76,scan2,transmission,[caisse2],1
2134,2135,client76,scan2,scanner,[3046920010856],0
2136,2137,client76,scan2,scanner,[3560070139675],0
2138,2139,client76,scan2,scanner,[3560071097424],-3
2140,2141,client76,scan2,abandon,[],?
2142,2143,client77,scan2,debloquer,[],0
2144,2145,client77,scan2,scanner,[3560071097424],0
2146,2147,client77,scan2,scanner,[3017800238592],0
2148,2149,client77,scan2,scanner,[8715700110622],0
2150,2151,client77,scan2,supprimer,[3560071097424],0
2152,2153,client77,scan2,supprimer,[8715700110622],0
2154,2155,client77,scan2,scanner,[3570590109324],-2
2156,2157,client77,scan2,supprimer,[3570590109324],-2
2158,2159,client77,scan2,transmission,[caisse3],1
2160,2161,client77,scan2,scanner,[3017800238592],0
2162,2163,client77,scan2,transmission,[caisse3],0
2164,2165,client77,scan2,abandon,[],?
2166,2167,client77,caisse3,ouvrirSession,[],0
2168,2169,client77,caisse3,ajouter,[3570590109324],0
2170,2171,client77,caisse3,supprimer,[3570590109324],0
2172,2173,client77,caisse3,fermerSession,[],0
2174,2175,client77,caisse3,payer,[2.1999999999999993],0
2176,2177,client78,scan3,debloquer,[],0
2178,2179,client78,scan3,scanner,[3570590109324],-2
2180,2181,client78,scan3,scanner,[3570590109324],-2
2182,2183,client78,scan3,scanner,[3020120029030],0
2184,2185,client78,scan3,scanner,[3017800238592],0
2186,2187,client78,scan3,supprimer,[3570590109324],-2
2188,2189,client78,scan3,supprimer,[3017800238592],0
2190,2191,client78,scan3,transmission,[caisse2],1
2192,2193,client78,scan3,scanner,[3020120029030],0
2194,2195,client78,scan3,transmission,[caisse2],0
2196,2197,client78,scan3,abandon,[],?
2198,2199,client78,caisse2,ouvrirSession,[],0
2200,2201,client78,caisse2,ajouter,[3570590109324],0
2202,2203,client78,caisse2,ajouter,[3570590109324],0
2204,2205,client78,caisse2,supprimer,[3570590109324],0
2206,2207,client78,caisse2,fermerSession,[],0
2208,2209,client78,caisse2,payer,[76.82],67.64
2210,2211,client79,scan0,debloquer,[],0
2212,2213,client79,scan0,scanner,[3560070048786],0
2214,2215,client79,scan0,scanner,[3474377910724],0
2216,2217,client79,scan0,scanner,[3560071097424],0
2218,2219,client79,scan0,scanner,[7640164630021],-2
2220,2221,client79,scan0,supprimer,[3560071097424],0
2222,2223,client79,scan0,scanner,[3046920010856],0
2224,2225,client79,scan0,supprimer,[7640164630021],-2
2226,2227,client79,scan0,scanner,[7640164630021],-2
2228,2229,client79,scan0,scanner,[7640164630021],-2
2230,2231,client79,scan0,scanner,[3560070139675],0
2232,2233,client79,scan0,supprimer,[3046920010856],0
2234,2235,client79,scan0,scanner,[3020120029030],0
2236,2237,client79,scan0,transmission,[caisse2],1
2238,2239,client79,scan0,scanner,[3560070048786],0
2240,2241,client79,scan0,scanner,[3474377910724],0
2242,2243,client79,scan0,scanner,[3560070139675],0
2244,2245,client79,scan0,scanner,[3020120029030],0
2246,2247,client79,scan0,transmission,[caisse2],0
2248,2249,client79,scan0,abandon,[],?
2250,2251,client79,caisse2,ouvrirSession,[],0
2252,2253,client79,caisse2,ajouter,[7640164630021],0
2254,2255,client79,caisse2,ajouter,[7640164630021],0
2256,2257,client79,caisse2,ajouter,[7640164630021],0
2258,2259,client79,caisse2,supprimer,[7640164630021],0
2260,2261,client79,caisse2,fermerSession,[],0
2262,2263,client79,caisse2,payer,[472.9100000000001],0
2264,2265,client80,scan2,debloquer,[],0
2266,2267,client80,scan2,scanner,[45496420598],0
2268,2269,client80,scan2,scanner,[3270190022534],0
2270,2271,client80,scan2,scanner,[3017620402678],0
2272,2273,client80,scan2,scanner,[3560070048786],0
2274,2275,client80,scan2,supprimer,[3560070048786],0
2276,2277,client80,scan2,supprimer,[45496420598],0
2278,2279,client80,scan2,supprimer,[3017620402678],0
2280,2281,client80,scan2,scanner,[45496420598],0
2282,2283,client80,scan2,scanner,[3017800238592],0
2284,2285,client80,scan2,scanner,[3570590109324],-2
2286,2287,client80,scan2,scanner,[3570590109324],-2
2288,2289,client80,scan2,supprimer,[3570590109324],-2
2290,2291,client80,scan2,transmission,[caisse0],1
2292,2293,client80,scan2,scanner,[3270190022534],0
2294,2295,client80,scan2,scanner,[45496420598],0
2296,2297,client80,scan2,scanner,[3017800238592],0
2298,2299,client80,scan2,transmission,[caisse0],0
2300,2301,client80,scan2,abandon,[],?
2302,2303,client80,caisse0,ouvrirSession,[],0
2304,2305,client80,caisse0,ajouter,[3570590109324],0
2306,2307,client80,caisse0,ajouter,[3570590109324],0
2308,2309,client80,caisse0,supprimer,[3570590109324],0
2310,2311,client80,caisse0,fermerSession,[],0
2312,2313,client80,caisse0,payer,[65.25],0
2314,2315,client81,scan0,debloquer,[],0
2316,2317,client81,scan0,scanner,[3017800238592],0
2318,2319,client81,scan0,scanner,[3020120029030],0
2320,2321,client81,scan0,supprimer,[3017800238592],0
2322,2323,client81,scan0,scanner,[3570590109324],-2
2324,2325,client81,scan0,supprimer,[3570590109324],-2
2326,2327,client81,scan0,transmission,[caisse1],1
2328,2329,client81,scan0,scanner,[3020120029030],0
2330,2331,client81,scan0,transmission,[caisse1],0
2332,2333,client81,scan0,abandon,[],?
2334,2335,client81,caisse1,ouvrirSession,[],0
2336,2337,client81,caisse1,ajouter,[3570590109324],0
2338,2339,client81,caisse1,supprimer,[3570590109324],0
2340,2341,client81,caisse1,fermerSession,[],0
2342,2343,client81,caisse1,payer,[11.739999999999998],10.04
2344,2345,client82,scan2,debloquer,[],0
2346,2347,client82,scan2,scanner,[7640164630021],-2
2348,2349,client82,scan2,scanner,[3017800238592],0
2350,2351,client82,scan2,scanner,[5410188006711],0
2352,2353,client82,scan2,supprimer,[5410188006711],0
2354,2355,client82,scan2,supprimer,[7640164630021],-2
2356,2357,client82,scan2,scanner,[3560070048786],0
2358,2359,client82,scan2,supprimer,[3560070048786],0
2360,2361,client82,scan2,transmission,[caisse2],1
2362,2363,client82,scan2,scanner,[3017800238592],0
2364,2365,client82,scan2,transmission,[caisse2],0
2366,2367,client82,scan2,abandon,[],?
2368,2369,client82,caisse2,ouvrirSession,[],0
2370,2371,client82,caisse2,ajouter,[7640164630021],0
2372,2373,client82,caisse2,supprimer,[7640164630021],0
2374,2375,client82,caisse2,fermerSession,[],0
2376,2377,client82,caisse2,payer,[2.1999999999999886],0
2378,2379,client83,scan1,debloquer,[],0
2380,2381,client83,scan1,scanner,[3560070139675],0
2382,2383,client83,scan1,scanner,[3570590109324],-2
2384,2385,client83,scan1,supprimer,[3560070139675],0
2386,2387,client83,scan1,supprimer,[3570590109324],-2
2388,2389,client83,scan1,scanner,[7640164630021],-2
2390,2391,client83,scan1,scanner,[3520115810259],0
2392,2393,client83,scan1,transmission,[caisse2],1
2394,2395,client83,scan1,scanner,[3520115810259],0
2396,2397,client83,scan1,transmission,[caisse2],0
2398,2399,client83,scan1,abandon,[],?
2400,2401,client83,caisse2,ouvrirSession,[],0
2402,2403,client83,caisse2,ajouter,[3570590109324],0
2404,2405,client83,caisse2,ajouter,[7640164630021],0
2406,2407,client83,caisse2,supprimer,[3570590109324],0
2408,2409,client83,caisse2,fermerSession,[],0
2410,2411,client83,caisse2,payer,[302.20000000000005],63.81
2412,2413,client84,scan3,debloquer,[],0
2414,2415,client84,scan3,scanner,[3570590109324],-2
2416,2417,client84,scan3,scanner,[3520115810259],0
2418,2419,client84,scan3,scanner,[7640164630021],-2
2420,2421,client84,scan3,scanner,[3560070048786],0
2422,2423,client84,scan3,scanner,[7640164630021],-2
2424,2425,client84,scan3,transmission,[caisse2],0
2426,2427,client84,scan3,abandon,[],?
2428,2429,client84,caisse2,ouvrirSession,[],0
2430,2431,client84,caisse2,ajouter,[3570590109324],0
2432,2433,client84,caisse2,ajouter,[7640164630021],0
2434,2435,client84,caisse2,ajouter,[7640164630021],0
2436,2437,client84,caisse2,fermerSession,[],0
2438,2439,client84,caisse2,payer,[476.64],0
2440,2441,client85,scan3,debloquer,[],0
2442,2443,client85,scan3,scanner,[3570590109324],-2
2444,2445,client85,scan3,scanner,[7640164630021],-2
2446,2447,client85,scan3,scanner,[3017800238592],0
2448,2449,client85,scan3,scanner,[3017800238592],0
2450,2451,client85,scan3,transmission,[caisse2],0
2452,2453,client85,scan3,abandon,[],?
2454,2455,client85,caisse2,ouvrirSession,[],0
2456,2457,client85,caisse2,ajouter,[3570590109324],0
2458,2459,client85,caisse2,ajouter,[7640164630021],0
2460,2461,client85,caisse2,fermerSession,[],0
2462,2463,client85,caisse2,payer,[241.77999999999997],0
2464,2465,client86,scan1,debloquer,[],0
2466,2467,client86,scan1,scanner,[3245412567216],0
2468,2469,client86,scan1,scanner,[7640164630021],-2
2470,2471,client86,scan1,scanner,[3560070976478],0
2472,2473,client86,scan1,scanner,[7640164630021],-2
2474,2475,client86,scan1,transmission,[caisse2],0
2476,2477,client86,scan1,abandon,[],?
2478,2479,client86,caisse2,ouvrirSession,[],0
2480,2481,client86,caisse2,ajouter,[7640164630021],0
2482,2483,client86,caisse2,ajouter,[7640164630021],0
2484,2485,client86,caisse2,fermerSession,[],0
2486,2487,client86,caisse2,payer,[524.1700000000001],60.96
2488,2489,client87,scan2,debloquer,[],0
2490,2491,client87,scan2,scanner,[8715700110622],0
2492,2493,client87,scan2,scanner,[3570590109324],-2
2494,2495,client87,scan2,scanner,[3017800238592],0
2496,2497,client87,scan2,scanner,[3017800238592],0
2498,2499,client87,scan2,scanner,[3046920010856],0
2500,2501,client87,scan2,scanner,[8718309259938],0
2502,2503,client87,scan2,transmission,[caisse1],0
2504,2505,client87,scan2,abandon,[],?
2506,2507,client87,caisse1,ouvrirSession,[],0
2508,2509,client87,caisse1,ajouter,[3570590109324],0
2510,2511,client87,caisse1,fermerSession,[],0
2512,2513,client87,caisse1,payer,[33.61],14.11
2514,2515,client88,scan3,debloquer,[],0
2516,2517,client88,scan3,scanner,[8718309259938],0
2518,2519,client88,scan3,scanner,[3046920010856],0
2520,2521,client88,scan3,scanner,[3560070139675],0
2522,2523,client88,scan3,scanner,[3017800238592],0
2524,2525,client88,scan3,scanner,[3474377910724],0
2526,2527,client88,scan3,scanner,[3570590109324],-2
2528,2529,client88,scan3,transmission,[caisse2],0
2530,2531,client88,scan3,abandon,[],?
2532,2533,client88,caisse2,ouvrirSession,[],0
2534,2535,client88,caisse2,ajouter,[3570590109324],0
2536,2537,client88,caisse2,fermerSession,[],0
2538,2539,client88,caisse2,payer,[69.92],43.04
2540,2541,client89,scan3,debloquer,[],0
2542,2543,client89,scan3,scanner,[3474377910724],0
2544,2545,client89,scan3,scanner,[3570590109324],-2
2546,2547,client89,scan3,scanner,[3560071097424],0
2548,2549,client89,scan3,scanner,[3570590109324],-2
2550,2551,client89,scan3,transmission,[caisse2],0
2552,2553,client89,scan3,abandon,[],?
2554,2555,client89,caisse2,ouvrirSession,[],0
2556,2557,client89,caisse2,ajouter,[3570590109324],0
2558,2559,client89,caisse2,ajouter,[3570590109324],0
2560,2561,client89,caisse2,fermerSession,[],0
2562,2563,client89,caisse2,payer,[48.839999999999996],22.88
2564,2565,client90,scan3,debloquer,[],0
2566,2567,client90,scan3,scanner,[3270190022534],0
2568,2569,client90,scan3,scanner,[3570590109324],-2
2570,2571,client90,scan3,scanner,[3570590109324],-2
2572,2573,client90,scan3,scanner,[3560071097424],0
2574,2575,client90,scan3,scanner,[3570590109324],-2
2576,2577,client90,scan3,scanner,[3560071097424],0
2578,2579,client90,scan3,transmission,[caisse0],0
2580,2581,client90,scan3,abandon,[],?
2582,2583,client90,caisse0,ouvrirSession,[],0
2584,2585,client90,caisse0,ajouter,[3570590109324],0
2586,2587,client90,caisse0,ajouter,[3570590109324],0
2588,2589,client90,caisse0,ajouter,[3570590109324],0
2590,2591,client90,caisse0,fermerSession,[],0
2592,2593,client90,caisse0,payer,[71.50999999999999],43.69
2594,2595,client91,scan0,debloquer,[],0
2596,2597,client91,scan0,scanner,[3017800238592],0
2598,2599,client91,scan0,scanner,[3474377910724],0
2600,2601,client91,scan0,scanner,[3270190022534],0
2602,2603,client91,scan0,transmission,[caisse2],0
2604,2605,client91,scan0,abandon,[],?
2606,2607,client91,caisse2,payer,[23.66],12.28
2608,2609,client92,scan0,debloquer,[],0
2610,2611,client92,scan0,scanner,[3020120029030],0
2612,2613,client92,scan0,scanner,[3474377910724],0
2614,2615,client92,scan0,scanner,[3560070048786],0
2616,2617,client92,scan0,scanner,[3560070139675],0
2618,2619,client92,scan0,scanner,[3046920010856],0
2620,2621,client92,scan0,transmission,[caisse1],0
2622,2623,client92,scan0,abandon,[],?
2624,2625,client92,caisse1,payer,[16.22],1.1
2626,2627,client93,scan0,debloquer,[],0
2628,2629,client93,scan0,scanner,[3560071097424],0
2630,2631,client93,scan0,scanner,[5410188006711],0
2632,2633,client93,scan0,scanner,[45496420598],0
2634,2635,client93,scan0,scanner,[3560070048786],0
2636,2637,client93,scan0,scanner,[3560070139675],0
2638,2639,client93,scan0,scanner,[5410188006711],0
2640,2641,client93,scan0,transmission,[caisse2],0
2642,2643,client93,scan0,abandon,[],?
2644,2645,client93,caisse2,payer,[64.5],0
2646,2647,client94,scan2,debloquer,[],0
2648,2649,client94,scan2,scanner,[45496420598],0
2650,2651,client94,scan2,scanner,[3020120029030],0
2652,2653,client94,scan2,scanner,[45496420598],0
2654,2655,client94,scan2,scanner,[3020120029030],0
2656,2657,client94,scan2,scanner,[3560071097424],0
2658,2659,client94,scan2,scanner,[3560071097424],0
2660,2661,client94,scan2,transmission,[caisse2],0
2662,2663,client94,scan2,abandon,[],?
2664,2665,client94,caisse2,payer,[202.48000000000002],84.3
2666,2667,client95,scan1,debloquer,[],0
2668,2669,client95,scan1,scanner,[3474377910724],0
2670,2671,client95,scan1,scanner,[3245412567216],0
2672,2673,client95,scan1,scanner,[3520115810259],0
2674,2675,client95,scan1,transmission,[caisse0],0
2676,2677,client95,scan1,abandon,[],?
2678,2679,client95,caisse0,payer,[28.870000000000005],10.31
2680,2681,client96,scan3,debloquer,[],0
2682,2683,client96,scan3,scanner,[3017620402678],0
2684,2685,client96,scan3,scanner,[3520115810259],0
2686,2687,client96,scan3,transmission,[caisse2],0
2688,2689,client96,scan3,abandon,[],?
2690,2691,client96,caisse2,payer,[10.35],0
2692,2693,client97,scan2,debloquer,[],0
2694,2695,client97,scan2,scanner,[3270190022534],0
2696,2697,client97,scan2,scanner,[5410188006711],0
2698,2699,client97,scan2,scanner,[3474377910724],0
2700,2701,client97,scan2,scanner,[3520115810259],0
2702,2703,client97,scan2,scanner,[3520115810259],0
2704,2705,client97,scan2,scanner,[3560071097424],0
2706,2707,client97,scan2,transmission,[caisse3],0
2708,2709,client97,scan2,abandon,[],?
2710,2711,client97,caisse3,payer,[30.71],0
2712,2713,client98,scan3,debloquer,[],0
2714,2715,client98,scan3,scanner,[3570590109324],-2
2716,2717,client98,scan3,scanner,[3245412567216],0
2718,2719,client98,scan3,scanner,[3020120029030],0
2720,2721,client98,scan3,scanner,[8718309259938],0
2722,2723,client98,scan3,supprimer,[3245412567216],0
2724,2725,client98,scan3,scanner,[3020120029030],0
2726,2727,client98,scan3,transmission,[caisse1],1
2728,2729,client98,scan3,scanner,[3020120029030],0
2730,2731,client98,scan3,scanner,[8718309259938],0
2732,2733,client98,scan3,scanner,[3020120029030],0
2734,2735,client98,scan3,transmission,[caisse1],0
2736,2737,client98,scan3,abandon,[],?
2738,2739,client98,caisse1,ouvrirSession,[],0
2740,2741,client98,caisse1,ajouter,[3570590109324],0
2742,2743,client98,caisse1,fermerSession,[],0
2744,2745,client98,caisse1,payer,[15.53],0
2746,2747,client99,scan2,debloquer,[],0
2748,2749,client99,scan2,scanner,[3020120029030],0
2750,2751,client99,scan2,scanner,[45496420598],0
2752,2753,client99,scan2,scanner,[3570590109324],-2
2754,2755,client99,scan2,scanner,[3017620402678],0
2756,2757,client99,scan2,scanner,[5410188006711],0
2758,2759,client99,scan2,scanner,[3570590109324],-2
2760,2761,client99,scan2,supprimer,[3020120029030],0
2762,2763,client99,scan2,supprimer,[45496420598],0
2764,2765,client99,scan2,scanner,[8715700110622],0
2766,2767,client99,scan2,supprimer,[3017620402678],0
2768,2769,client99,scan2,supprimer,[8715700110622],0
2770,2771,client99,scan2,transmission,[caisse1],1
2772,2773,client99,scan2,scanner,[5410188006711],0
2774,2775,client99,scan2,transmission,[caisse1],0
2776,2777,client99,scan2,abandon,[],?
2778,2779,client99,caisse1,ouvrirSession,[],0
2780,2781,client99,caisse1,ajouter,[3570590109324],0
2782,2783,client99,caisse1,ajouter,[3570590109324],0
2784,2785,client99,caisse1,fermerSession,[],0
2786,2787,client99,caisse1,payer,[73.91],56.8
2788,2789,client100,scan1,debloquer,[],0
2790,2791,client100,scan1,scanner,[3245412567216],0
2792,2793,client100,scan1,supprimer,[3245412567216],0
2794,2795,client100,scan1,scanner,[3570590109324],-2
2796,2797,client100,scan1,scanner,[3520115810259],0
2798,2799,client100,scan1,scanner,[3570590109324],-2
2800,2801,client100,scan1,scanner,[3474377910724],0
2802,2803,client100,scan1,transmission,[caisse3],1
2804,2805,client100,scan1,scanner,[3520115810259],0
2806,2807,client100,scan1,scanner,[3474377910724],0
2808,2809,client100,scan1,transmission,[caisse3],0
2810,2811,client100,scan1,abandon,[],?
2812,2813,client100,caisse3,ouvrirSession,[],0
2814,2815,client100,caisse3,ajouter,[3570590109324],0
2816,2817,client100,caisse3,ajouter,[3570590109324],0
2818,2819,client100,caisse3,fermerSession,[],0
2820,2821,client100,caisse3,payer,[74.85],42.8
2822,2823,client101,scan2,debloquer,[],0
2824,2825,client101,scan2,scanner,[3245412567216],0
2826,2827,client101,scan2,scanner,[3520115810259],0
2828,2829,client101,scan2,scanner,[3560071097424],0
2830,2831,client101,scan2,scanner,[7640164630021],-2
2832,2833,client101,scan2,scanner,[3020120029030],0
2834,2835,client101,scan2,scanner,[3245412567216],0
2836,2837,client101,scan2,supprimer,[3560071097424],0
2838,2839,client101,scan2,supprimer,[3245412567216],0
2840,2841,client101,scan2,scanner,[7640164630021],-2
2842,2843,client101,scan2,supprimer,[3520115810259],0
2844,2845,client101,scan2,scanner,[5410188006711],0
2846,2847,client101,scan2,supprimer,[3245412567216],0
2848,2849,client101,scan2,scanner,[3570590109324],-2
2850,2851,client101,scan2,supprimer,[3020120029030],0
2852,2853,client101,scan2,transmission,[caisse1],1
2854,2855,client101,scan2,scanner,[5410188006711],0
2856,2857,client101,scan2,transmission,[caisse1],0
2858,2859,client101,scan2,abandon,[],?
2860,2861,client101,caisse1,ouvrirSession,[],0
2862,2863,client101,caisse1,ajouter,[7640164630021],0
2864,2865,client101,caisse1,ajouter,[7640164630021],0
2866,2867,client101,caisse1,ajouter,[3570590109324],0
2868,2869,client101,caisse1,fermerSession,[],0
2870,2871,client101,caisse1,payer,[469.43],0
2872,2873,client102,scan1,debloquer,[],0
2874,2875,client102,scan1,scanner,[3046920010856],0
2876,2877,client102,scan1,scanner,[3520115810259],0
2878,2879,client102,scan1,scanner,[7640164630021],-2
2880,2881,client102,scan1,supprimer,[3520115810259],0
2882,2883,client102,scan1,transmission,[caisse1],1
2884,2885,client102,scan1,scanner,[3046920010856],0
2886,2887,client102,scan1,transmission,[caisse1],0
2888,2889,client102,scan1,abandon,[],?
2890,2891,client102,caisse1,ouvrirSession,[],0
2892,2893,client102,caisse1,ajouter,[7640164630021],0
2894,2895,client102,caisse1,fermerSession,[],0
2896,2897,client102,caisse1,payer,[231.91],0
2898,2899,client103,scan3,debloquer,[],0
2900,2901,client103,scan3,scanner,[3570590109324],-2
2902,2903,client103,scan3,scanner,[3270190022534],0
2904,2905,client103,scan3,scanner,[3560070048786],0
2906,2907,client103,scan3,scanner,[3560070139675],0
2908,2909,client103,scan3,scanner,[3017800238592],0
2910,2911,client103,scan3,supprimer,[3017800238592],0
2912,2913,client103,scan3,transmission,[caisse3],1
2914,2915,client103,scan3,scanner,[3270190022534],0
2916,2917,client103,scan3,scanner,[3560070048786],0
2918,2919,client103,scan3,scanner,[3560070139675],0
2920,2921,client103,scan3,transmission,[caisse3],0
2922,2923,client103,scan3,abandon,[],?
2924,2925,client103,caisse3,ouvrirSession,[],0
2926,2927,client103,caisse3,ajouter,[3570590109324],0
2928,2929,client103,caisse3,fermerSession,[],0
2930,2931,client103,caisse3,payer,[10.870000000000001],0
2932,2933,client104,scan2,debloquer,[],0
2934,2935,client104,scan2,scanner,[3560070048786],0
2936,2937,client104,scan2,scanner,[3520115810259],0
2938,2939,client104,scan2,scanner,[45496420598],0
2940,2941,client104,scan2,scanner,[3560070139675],0
2942,2943,client104,scan2,supprimer,[3560070139675],0
2944,2945,client104,scan2,scanner,[7640164630021],-2
2946,2947,client104,scan2,supprimer,[3560070048786],0
2948,2949,client104,scan2,scanner,[7640164630021],-2
2950,2951,client104,scan2,scanner,[7640164630021],-2
2952,2953,client104,scan2,scanner,[3560071097424],0
2954,2955,client104,scan2,supprimer,[3560071097424],0
2956,2957,client104,scan2,supprimer,[45496420598],0
2958,2959,client104,scan2,scanner,[5410188006711],0
2960,2961,client104,scan2,transmission,[caisse2],1
2962,2963,client104,scan2,scanner,[3520115810259],0
2964,2965,client104,scan2,scanner,[5410188006711],0
2966,2967,client104,scan2,transmission,[caisse2],0
2968,2969,client104,scan2,abandon,[],?
2970,2971,client104,caisse2,ouvrirSession,[],0
2972,2973,client104,caisse2,ajouter,[7640164630021],0
2974,2975,client104,caisse2,ajouter,[7640164630021],0
2976,2977,client104,caisse2,ajouter,[7640164630021],0
2978,2979,client104,caisse2,fermerSession,[],0
2980,2981,client104,caisse2,payer,[700.3399999999999],0
2982,2983,client105,scan3,debloquer,[],0
2984,2985,client105,scan3,scanner,[3560070139675],0
2986,2987,client105,scan3,scanner,[3046920010856],0
2988,2989,client105,scan3,scanner,[5410188006711],0
2990,2991,client105,scan3,scanner,[3560070976478],0
2992,2993,client105,scan3,scanner,[45496420598],0
2994,2995,client105,scan3,supprimer,[3560070139675],0
2996,2997,client105,scan3,supprimer,[3046920010856],0
2998,2999,client105,scan3,transmission,[caisse2],1
3000,3001,client105,scan3,scanner,[5410188006711],0
3002,3003,client105,scan3,scanner,[3560070976478],0
3004,3005,client105,scan3,scanner,[45496420598],0
3006,3007,client105,scan3,transmission,[caisse2],0
3008,3009,client105,scan3,abandon,[],?
3010,3011,client105,caisse2,payer,[92.81],33.73
3012,3013,client106,scan0,debloquer,[],0
3014,3015,client106,scan0,scanner,[5410188006711],0
3016,3017,client106,scan0,supprimer,[5410188006711],0
3018,3019,client106,scan0,scanner,[3017800238592],0
3020,3021,client106,scan0,transmission,[caisse3],1
3022,3023,client106,scan0,scanner,[3017800238592],0
3024,3025,client106,scan0,transmission,[caisse3],0
3026,3027,client106,scan0,abandon,[],?
3028,3029,client106,caisse3,payer,[33.18],30.98
3030,3031,client107,scan0,debloquer,[],0
3032,3033,client107,scan0,scanner,[3560071097424],0
3034,3035,client107,scan0,supprimer,[3560071097424],0
3036,3037,client107,scan0,scanner,[3020120029030],0
3038,3039,client107,scan0,transmission,[caisse2],1
3040,3041,client107,scan0,scanner,[3020120029030],0
3042,3043,client107,scan0,transmission,[caisse2],0
3044,3045,client107,scan0,abandon,[],?
3046,3047,client107,caisse2,payer,[32.61],30.91
3048,3049,client108,scan0,debloquer,[],0
3050,3051,client108,scan0,scanner,[8718309259938],0
3052,3053,client108,scan0,scanner,[3560070139675],0
3054,3055,client108,scan0,scanner,[3245412567216],0
3056,3057,client108,scan0,supprimer,[3245412567216],0
3058,3059,client108,scan0,scanner,[3560070048786],0
3060,3061,client108,scan0,supprimer,[3560070048786],0
3062,3063,client108,scan0,scanner,[3020120029030],0
3064,3065,client108,scan0,supprimer,[8718309259938],0
3066,3067,client108,scan0,transmission,[caisse1],1
3068,3069,client108,scan0,scanner,[3560070139675],0
3070,3071,client108,scan0,scanner,[3020120029030],0
3072,3073,client108,scan0,transmission,[caisse1],0
3074,3075,client108,scan0,abandon,[],?
3076,3077,client108,caisse1,payer,[3.6400000000000006],0
3078,3079,client109,scan3,debloquer,[],0
3080,3081,client109,scan3,scanner,[3020120029030],0
3082,3083,client109,scan3,supprimer,[3020120029030],0
3084,3085,client109,scan3,scanner,[3020120029030],0
3086,3087,client109,scan3,scanner,[3020120029030],0
3088,3089,client109,scan3,scanner,[3560070048786],0
3090,3091,client109,scan3,scanner,[5410188006711],0
3092,3093,client109,scan3,transmission,[caisse0],1
3094,3095,client109,scan3,scanner,[3020120029030],0
3096,3097,client109,scan3,scanner,[3020120029030],0
3098,3099,client109,scan3,scanner,[3560070048786],0
3100,3101,client109,scan3,scanner,[5410188006711],0
3102,3103,client109,scan3,transmission,[caisse0],0
3104,3105,client109,scan3,abandon,[],?
3106,3107,client109,caisse0,payer,[50.17],43.75
3108,3109,client110,scan0,debloquer,[],0
3110,3111,client110,scan0,scanner,[8715700110622],0
3112,3113,client110,scan0,scanner,[3270190022534],0
3114,3115,client110,scan0,scanner,[5410188006711],0
3116,3117,client110,scan0,supprimer,[3270190022534],0
3118,3119,client110,scan0,scanner,[3270190022534],0
3120,3121,client110,scan0,supprimer,[3270190022534],0
3122,3123,client110,scan0,scanner,[3520115810259],0
3124,3125,client110,scan0,transmission,[caisse3],1
3126,3127,client110,scan0,scanner,[8715700110622],0
3128,3129,client110,scan0,scanner,[5410188006711],0
3130,3131,client110,scan0,scanner,[3520115810259],0
3132,3133,client110,scan0,transmission,[caisse3],0
3134,3135,client110,scan0,abandon,[],?
3136,3137,client110,caisse3,payer,[62.690000000000005],51.09
3138,3139,client111,scan3,debloquer,[],0
3140,3141,client111,scan3,scanner,[3046920010856],0
3142,3143,client111,scan3,scanner,[3270190022534],0
3144,3145,client111,scan3,scanner,[3020120029030],0
3146,3147,client111,scan3,scanner,[3046920010856],0
3148,3149,client111,scan3,scanner,[3017620402678],0
3150,3151,client111,scan3,supprimer,[3020120029030],0
3152,3153,client111,scan3,supprimer,[3046920010856],0
3154,3155,client111,scan3,supprimer,[3270190022534],0
3156,3157,client111,scan3,scanner,[3520115810259],0
3158,3159,client111,scan3,supprimer,[3046920010856],0
3160,3161,client111,scan3,transmission,[caisse1],1
3162,3163,client111,scan3,scanner,[3017620402678],0
3164,3165,client111,scan3,scanner,[3520115810259],0
3166,3167,client111,scan3,transmission,[caisse1],0
3168,3169,client111,scan3,abandon,[],?
3170,3171,client111,caisse1,payer,[35.06],24.71
3172,3173,client112,scan2,debloquer,[],0
3174,3175,client112,scan2,scanner,[3560070139675],0
3176,3177,client112,scan2,scanner,[7640164630021],-2
3178,3179,client112,scan2,scanner,[3560071097424],0
3180,3181,client112,scan2,supprimer,[7640164630021],-2
3182,3183,client112,scan2,transmission,[caisse3],0
3184,3185,client112,scan2,abandon,[],?
3186,3187,client112,caisse3,ouvrirSession,[],0
3188,3189,client112,caisse3,ajouter,[7640164630021],0
3190,3191,client112,caisse3,supprimer,[7640164630021],0
3192,3193,client112,caisse3,fermerSession,[],0
3194,3195,client112,caisse3,payer,[4.340000000000003],0
3196,3197,client113,scan3,debloquer,[],0
3198,3199,client113,scan3,scanner,[8718309259938],0
3200,3201,client113,scan3,scanner,[3570590109324],-2
3202,3203,client113,scan3,supprimer,[3570590109324],-2
3204,3205,client113,scan3,scanner,[7640164630021],-2
3206,3207,client113,scan3,scanner,[3520115810259],0
3208,3209,client113,scan3,transmission,[caisse1],0
3210,3211,client113,scan3,abandon,[],?
3212,3213,client113,caisse1,ouvrirSession,[],0
3214,3215,client113,caisse1,ajouter,[3570590109324],0
3216,3217,client113,caisse1,ajouter,[7640164630021],0
3218,3219,client113,caisse1,supprimer,[3570590109324],0
3220,3221,client113,caisse1,fermerSession,[],0
3222,3223,client113,caisse1,payer,[285.48],42.44
3224,3225,client114,scan3,debloquer,[],0
3226,3227,client114,scan3,scanner,[3520115810259],0
3228,3229,client114,scan3,scanner,[3020120029030],0
3230,3231,client114,scan3,scanner,[7640164630021],-2
3232,3233,client114,scan3,supprimer,[7640164630021],-2
3234,3235,client114,scan3,scanner,[3570590109324],-2
3236,3237,client114,scan3,transmission,[caisse1],0
3238,3239,client114,scan3,abandon,[],?
3240,3241,client114,caisse1,ouvrirSession,[],0
3242,3243,client114,caisse1,ajouter,[7640164630021],0
3244,3245,client114,caisse1,ajouter,[3570590109324],0
3246,3247,client114,caisse1,supprimer,[7640164630021],0
3248,3249,client114,caisse1,fermerSession,[],0
3250,3251,client114,caisse1,payer,[112.40999999999998],94.74
3252,3253,client115,scan2,debloquer,[],0
3254,3255,client115,scan2,scanner,[7640164630021],-2
3256,3257,client115,scan2,scanner,[7640164630021],-2
3258,3259,client115,scan2,scanner,[8718309259938],0
3260,3261,client115,scan2,scanner,[8718309259938],0
3262,3263,client115,scan2,scanner,[7640164630021],-2
3264,3265,client115,scan2,supprimer,[7640164630021],-2
3266,3267,client115,scan2,supprimer,[7640164630021],-2
3268,3269,client115,scan2,supprimer,[7640164630021],-2
3270,3271,client115,scan2,transmission,[caisse0],0
3272,3273,client115,scan2,abandon,[],?
3274,3275,client115,caisse0,ouvrirSession,[],0
3276,3277,client115,caisse0,ajouter,[7640164630021],0
3278,3279,client115,caisse0,ajouter,[7640164630021],0
3280,3281,client115,caisse0,ajouter,[7640164630021],0
3282,3283,client115,caisse0,supprimer,[7640164630021],0
3284,3285,client115,caisse0,supprimer,[7640164630021],0
3286,3287,client115,caisse0,supprimer,[7640164630021],0
3288,3289,client115,caisse0,fermerSession,[],0
3290,3291,client115,caisse0,payer,[65.01000000000002],55.71
3292,3293,client116,scan3,debloquer,[],0
3294,3295,client116,scan3,scanner,[3570590109324],-2
3296,3297,client116,scan3,scanner,[7640164630021],-2
3298,3299,client116,scan3,scanner,[5410188006711],0
3300,3301,client116,scan3,scanner,[3560071097424],0
3302,3303,client116,scan3,scanner,[3560071097424],0
3304,3305,client116,scan3,supprimer,[3570590109324],-2
3306,3307,client116,scan3,scanner,[3020120029030],0
3308,3309,client116,scan3,scanner,[3270190022534],0
3310,3311,client116,scan3,transmission,[caisse3],0
3312,3313,client116,scan3,abandon,[],?
3314,3315,client116,caisse3,ouvrirSession,[],0
3316,3317,client116,caisse3,ajouter,[3570590109324],0
3318,3319,client116,caisse3,ajouter,[7640164630021],0
3320,3321,client116,caisse3,supprimer,[3570590109324],0
3322,3323,client116,caisse3,fermerSession,[],0
3324,3325,client116,caisse3,payer,[338.78000000000003],99.65
3326,3327,client117,scan2,debloquer,[],0
3328,3329,client117,scan2,scanner,[8718309259938],0
3330,3331,client117,scan2,scanner,[3017620402678],0
3332,3333,client117,scan2,scanner,[3046920010856],0
3334,3335,client117,scan2,scanner,[3046920010856],0
3336,3337,client117,scan2,scanner,[3017800238592],0
3338,3339,client117,scan2,scanner,[3017800238592],0
3340,3341,client117,scan2,scanner,[3570590109324],-2
3342,3343,client117,scan2,scanner,[3570590109324],-2
3344,3345,client117,scan2,scanner,[7640164630021],-2
3346,3347,client117,scan2,supprimer,[3570590109324],-2
3348,3349,client117,scan2,supprimer,[3570590109324],-2
3350,3351,client117,scan2,supprimer,[7640164630021],-2
3352,3353,client117,scan2,transmission,[caisse2],0
3354,3355,client117,scan2,abandon,[],?
3356,3357,client117,caisse2,ouvrirSession,[],0
3358,3359,client117,caisse2,ajouter,[3570590109324],0
3360,3361,client117,caisse2,ajouter,[3570590109324],0
3362,3363,client117,caisse2,ajouter,[7640164630021],0
3364,3365,client117,caisse2,supprimer,[7640164630021],0
3366,3367,client117,caisse2,supprimer,[3570590109324],0
3368,3369,client117,caisse2,supprimer,[3570590109324],0
3370,3371,client117,caisse2,fermerSession,[],0
3372,3373,client117,caisse2,payer,[66.98000000000002],52.05
3374,3375,client118,scan1,debloquer,[],0
3376,3377,client118,scan1,scanner,[3245412567216],0
3378,3379,client118,scan1,scanner,[3017620402678],0
3380,3381,client118,scan1,scanner,[3570590109324],-2
3382,3383,client118,scan1,scanner,[7640164630021],-2
3384,3385,client118,scan1,supprimer,[3570590109324],-2
3386,3387,client118,scan1,scanner,[3017620402678],0
3388,3389,client118,scan1,scanner,[7640164630021],-2
3390,3391,client118,scan1,scanner,[3046920010856],0
3392,3393,client118,scan1,scanner,[3520115810259],0
3394,3395,client118,scan1,scanner,[3560070139675],0
3396,3397,client118,scan1,supprimer,[7640164630021],-2
3398,3399,client118,scan1,transmission,[caisse3],0
3400,3401,client118,scan1,abandon,[],?
3402,3403,client118,caisse3,ouvrirSession,[],0
3404,3405,client118,caisse3,ajouter,[3570590109324],0
3406,3407,client118,caisse3,ajouter,[7640164630021],0
3408,3409,client118,caisse3,ajouter,[7640164630021],0
3410,3411,client118,caisse3,supprimer,[7640164630021],0
3412,3413,client118,caisse3,supprimer,[3570590109324],0
3414,3415,client118,caisse3,fermerSession,[],0
3416,3417,client118,caisse3,payer,[254.59000000000003],7.06
3418,3419,client119,scan0,debloquer,[],0
3420,3421,client119,scan0,scanner,[5410188006711],0
3422,3423,client119,scan0,scanner,[3560070976478],0
3424,3425,client119,scan0,scanner,[3046920010856],0
3426,3427,client119,scan0,scanner,[3560071097424],0
3428,3429,client119,scan0,transmission,[caisse1],0
3430,3431,client119,scan0,abandon,[],?
3432,3433,client119,caisse1,payer,[8.5],0
3434,3435,client120,scan0,debloquer,[],0
3436,3437,client120,scan0,scanner,[3560070976478],0
3438,3439,client120,scan0,scanner,[3520115810259],0
3440,3441,client120,scan0,scanner,[3560071097424],0
3442,3443,client120,scan0,scanner,[3017800238592],0
3444,3445,client120,scan0,transmission,[caisse0],0
3446,3447,client120,scan0,abandon,[],?
3448,3449,client120,caisse0,payer,[79.27],64.24
3450,3451,client121,scan0,debloquer,[],0
3452,3453,client121,scan0,scanner,[45496420598],0
3454,3455,client121,scan0,scanner,[3245412567216],0
3456,3457,client121,scan0,transmission,[caisse3],0
3458,3459,client121,scan0,abandon,[],?
3460,3461,client121,caisse3,payer,[144.58],88.12
3462,3463,client122,scan1,debloquer,[],0
3464,3465,client122,scan1,scanner,[3560070048786],0
3466,3467,client122,scan1,scanner,[3046920010856],0
3468,3469,client122,scan1,scanner,[3560070048786],0
3470,3471,client122,scan1,transmission,[caisse2],0
3472,3473,client122,scan1,abandon,[],?
3474,3475,client122,caisse2,payer,[70.49],66.74
3476,3477,client123,scan1,debloquer,[],0
3478,3479,client123,scan1,scanner,[3020120029030],0
3480,3481,client123,scan1,scanner,[3020120029030],0
3482,3483,client123,scan1,transmission,[caisse0],0
3484,3485,client123,scan1,abandon,[],?
3486,3487,client123,caisse0,payer,[3.4],0
3488,3489,client124,scan2,debloquer,[],0
3490,3491,client124,scan2,scanner,[3560070139675],0
3492,3493,client124,scan2,scanner,[8718309259938],0
3494,3495,client124,scan2,scanner,[3245412567216],0
3496,3497,client124,scan2,scanner,[3560071097424],0
3498,3499,client124,scan2,transmission,[caisse1],0
3500,3501,client124,scan2,abandon,[],?
3502,3503,client124,caisse1,payer,[74.08],63.62
3504,3505,client125,scan3,debloquer,[],0
3506,3507,client125,scan3,scanner,[45496420598],0
3508,3509,client125,scan3,scanner,[3245412567216],0
3510,3511,client125,scan3,scanner,[3270190022534],0
3512,3513,client125,scan3,scanner,[3560070048786],0
3514,3515,client125,scan3,scanner,[3245412567216],0
3516,3517,client125,scan3,scanner,[5410188006711],0
3518,3519,client125,scan3,transmission,[caisse3],0
3520,3521,client125,scan3,abandon,[],?
3522,3523,client125,caisse3,payer,[61.529999999999994],0
3524,3525,client126,scan0,debloquer,[],0
3526,3527,client126,scan0,scanner,[45496420598],0
3528,3529,client126,scan0,scanner,[3570590109324],-2
3530,3531,client126,scan0,scanner,[3570590109324],-2
3532,3533,client126,scan0,scanner,[3520115810259],0
3534,3535,client126,scan0,scanner,[3270190022534],0
3536,3537,client126,scan0,supprimer,[3570590109324],-2
3538,3539,client126,scan0,transmission,[caisse0],1
3540,3541,client126,scan0,scanner,[45496420598],0
3542,3543,client126,scan0,scanner,[3520115810259],0
3544,3545,client126,scan0,scanner,[3270190022534],0
3546,3547,client126,scan0,transmission,[caisse0],0
3548,3549,client126,scan0,abandon,[],?
3550,3551,client126,caisse0,ouvrirSession,[],0
3552,3553,client126,caisse0,ajouter,[3570590109324],0
3554,3555,client126,caisse0,ajouter,[3570590109324],0
3556,3557,client126,caisse0,supprimer,[3570590109324],0
3558,3559,client126,caisse0,fermerSession,[],0
3560,3561,client126,caisse0,payer,[71.53999999999999],0
3562,3563,client127,scan3,debloquer,[],0
3564,3565,client127,scan3,scanner,[3017620402678],0
3566,3567,client127,scan3,scanner,[3570590109324],-2
3568,3569,client127,scan3,scanner,[8718309259938],0
3570,3571,client127,scan3,scanner,[7640164630021],-2
3572,3573,client127,scan3,scanner,[3560070976478],0
3574,3575,client127,scan3,scanner,[3520115810259],0
3576,3577,client127,scan3,scanner,[3017800238592],0
3578,3579,client127,scan3,scanner,[3570590109324],-2
3580,3581,client127,scan3,supprimer,[3570590109324],-2
3582,3583,client127,scan3,transmission,[caisse3],1
3584,3585,client127,scan3,scanner,[3017620402678],0
3586,3587,client127,scan3,scanner,[8718309259938],0
3588,3589,client127,scan3,scanner,[3560070976478],0
3590,3591,client127,scan3,scanner,[3520115810259],0
3592,3593,client127,scan3,scanner,[3017800238592],0
3594,3595,client127,scan3,transmission,[caisse3],0
3596,3597,client127,scan3,abandon,[],?
3598,3599,client127,caisse3,ouvrirSession,[],0
3600,3601,client127,caisse3,ajouter,[3570590109324],0
3602,3603,client127,caisse3,ajouter,[7640164630021],0
3604,3605,client127,caisse3,ajouter,[3570590109324],0
3606,3607,client127,caisse3,supprimer,[3570590109324],0
3608,3609,client127,caisse3,fermerSession,[],0
3610,3611,client127,caisse3,payer,[279.25000000000006],22.73
3612,3613,client128,scan1,debloquer,[],0
3614,3615,client128,scan1,scanner,[3017800238592],0
3616,3617,client128,scan1,scanner,[3245412567216],0
3618,3619,client128,scan1,scanner,[3560071097424],0
3620,3621,client128,scan1,scanner,[5410188006711],0
3622,3623,client128,scan1,scanner,[3020120029030],0
3624,3625,client128,scan1,scanner,[7640164630021],-2
3626,3627,client128,scan1,scanner,[3570590109324],-2
3628,3629,client128,scan1,scanner,[7640164630021],-2
3630,3631,client128,scan1,supprimer,[7640164630021],-2
3632,3633,client128,scan1,supprimer,[3570590109324],-2
3634,3635,client128,scan1,scanner,[8715700110622],0
3636,3637,client128,scan1,transmission,[caisse1],1
3638,3639,client128,scan1,scanner,[3017800238592],0
3640,3641,client128,scan1,scanner,[3245412567216],0
3642,3643,client128,scan1,scanner,[3560071097424],0
3644,3645,client128,scan1,scanner,[5410188006711],0
3646,3647,client128,scan1,scanner,[3020120029030],0
3648,3649,client128,scan1,scanner,[8715700110622],0
3650,3651,client128,scan1,transmission,[caisse1],0
3652,3653,client128,scan1,abandon,[],?
3654,3655,client128,caisse1,ouvrirSession,[],0
3656,3657,client128,caisse1,ajouter,[7640164630021],0
3658,3659,client128,caisse1,ajouter,[3570590109324],0
3660,3661,client128,caisse1,ajouter,[7640164630021],0
3662,3663,client128,caisse1,supprimer,[3570590109324],0
3664,3665,client128,caisse1,supprimer,[7640164630021],0
3666,3667,client128,caisse1,fermerSession,[],0
3668,3669,client128,caisse1,payer,[304.0899999999999],63.31
3670,3671,client129,scan0,debloquer,[],0
3672,3673,client129,scan0,scanner,[3020120029030],0
3674,3675,client129,scan0,scanner,[7640164630021],-2
3676,3677,client129,scan0,scanner,[7640164630021],-2
3678,3679,client129,scan0,scanner,[3560070139675],0
3680,3681,client129,scan0,supprimer,[7640164630021],-2
3682,3683,client129,scan0,scanner,[8718309259938],0
3684,3685,client129,scan0,scanner,[7640164630021],-2
3686,3687,client129,scan0,scanner,[3017620402678],0
3688,3689,client129,scan0,supprimer,[7640164630021],-2
3690,3691,client129,scan0,scanner,[5410188006711],0
3692,3693,client129,scan0,transmission,[caisse3],1
3694,3695,client129,scan0,scanner,[3020120029030],0
3696,3697,client129,scan0,scanner,[3560070139675],0
3698,3699,client129,scan0,scanner,[8718309259938],0
3700,3701,client129,scan0,scanner,[3017620402678],0
3702,3703,client129,scan0,scanner,[5410188006711],0
3704,3705,client129,scan0,transmission,[caisse3],0
3706,3707,client129,scan0,abandon,[],?
3708,3709,client129,caisse3,ouvrirSession,[],0
3710,3711,client129,caisse3,ajouter,[7640164630021],0
3712,3713,client129,caisse3,ajouter,[7640164630021],0
3714,3715,client129,caisse3,ajouter,[7640164630021],0
3716,3717,client129,caisse3,supprimer,[7640164630021],0
3718,3719,client129,caisse3,supprimer,[7640164630021],0
3720,3721,client129,caisse3,fermerSession,[],0
3722,3723,client129,caisse3,payer,[274.43],32.23
3724,3725,client130,scan1,debloquer,[],0
3726,3727,client130,scan1,scanner,[3570590109324],-2
3728,3729,client130,scan1,scanner,[3046920010856],0
3730,3731,client130,scan1,scanner,[3560070139675],0
3732,3733,client130,scan1,scanner,[3046920010856],0
3734,3735,client130,scan1,supprimer,[3570590109324],-2
3736,3737,client130,scan1,scanner,[3570590109324],-2
3738,3739,client130,scan1,scanner,[8718309259938],0
3740,3741,client130,scan1,transmission,[caisse1],1
3742,3743,client130,scan1,scanner,[3046920010856],0
3744,3745,client130,scan1,scanner,[3560070139675],0
3746,3747,client130,scan1,scanner,[3046920010856],0
3748,3749,client130,scan1,scanner,[8718309259938],0
3750,3751,client130,scan1,transmission,[caisse1],0
3752,3753,client130,scan1,abandon,[],?
3754,3755,client130,caisse1,ouvrirSession,[],0
3756,3757,client130,caisse1,ajouter,[3570590109324],0
3758,3759,client130,caisse1,ajouter,[3570590109324],0
3760,3761,client130,caisse1,supprimer,[3570590109324],0
3762,3763,client130,caisse1,fermerSession,[],0
3764,3765,client130,caisse1,payer,[18.09],0
3766,3767,client131,scan3,debloquer,[],0
3768,3769,client131,scan3,scanner,[7640164630021],-2
3770,3771,client131,scan3,scanner,[3570590109324],-2
3772,3773,client131,scan3,scanner,[5410188006711],0
3774,3775,client131,scan3,scanner,[3560071097424],0
3776,3777,client131,scan3,scanner,[3560070139675],0
3778,3779,client131,scan3,scanner,[3270190022534],0
3780,3781,client131,scan3,scanner,[3560070048786],0
3782,3783,client131,scan3,scanner,[3270190022534],0
3784,3785,client131,scan3,scanner,[3570590109324],-2
3786,3787,client131,scan3,supprimer,[7640164630021],-2
3788,3789,client131,scan3,supprimer,[3570590109324],-2
3790,3791,client131,scan3,supprimer,[3570590109324],-2
3792,3793,client131,scan3,transmission,[caisse1],1
3794,3795,client131,scan3,scanner,[5410188006711],0
3796,3797,client131,scan3,scanner,[3560071097424],0
3798,3799,client131,scan3,scanner,[3560070139675],0
3800,3801,client131,scan3,scanner,[3270190022534],0
3802,3803,client131,scan3,scanner,[3560070048786],0
3804,3805,client131,scan3,scanner,[3270190022534],0
3806,3807,client131,scan3,transmission,[caisse1],0
3808,3809,client131,scan3,abandon,[],?
3810,3811,client131,caisse1,ouvrirSession,[],0
3812,3813,client131,caisse1,ajouter,[7640164630021],0
3814,3815,client131,caisse1,ajouter,[3570590109324],0
3816,3817,client131,caisse1,ajouter,[3570590109324],0
3818,3819,client131,caisse1,supprimer,[3570590109324],0
3820,3821,client131,caisse1,supprimer,[3570590109324],0
3822,3823,client131,caisse1,supprimer,[7640164630021],0
3824,3825,client131,caisse1,fermerSession,[],0
3826,3827,client131,caisse1,payer,[8.520000000000039],0
3828,3829,client132,scan3,debloquer,[],0
3830,3831,client132,scan3,scanner,[3570590109324],-2
3832,3833,client132,scan3,scanner,[45496420598],0
3834,3835,client132,scan3,scanner,[8715700110622],0
3836,3837,client132,scan3,scanner,[7640164630021],-2
3838,3839,client132,scan3,supprimer,[3570590109324],-2
3840,3841,client132,scan3,scanner,[3570590109324],-2
3842,3843,client132,scan3,transmission,[caisse3],1
3844,3845,client132,scan3,scanner,[45496420598],0
3846,3847,client132,scan3,scanner,[8715700110622],0
3848,3849,client132,scan3,transmission,[caisse3],0
3850,3851,client132,scan3,abandon,[],?
3852,3853,client132,caisse3,ouvrirSession,[],0
3854,3855,client132,caisse3,ajouter,[3570590109324],0
3856,3857,client132,caisse3,ajouter,[7640164630021],0
3858,3859,client132,caisse3,ajouter,[3570590109324],0
3860,3861,client132,caisse3,supprimer,[3570590109324],0
3862,3863,client132,caisse3,fermerSession,[],0
3864,3865,client132,caisse3,payer,[293.33],0
