0,1,client0,scan1,debloquer,[],0
2,3,client0,scan1,scanner,[3570590109324],-2
4,5,client0,scan1,scanner,[3270190022534],0
6,7,client0,scan1,scanner,[3245412567216],0
8,9,client0,scan1,scanner,[3560070976478],0
10,11,client0,scan1,scanner,[3046920010856],0
12,13,client0,scan1,supprimer,[3046920010856],0
14,15,client0,scan1,supprimer,[3560070976478],0
16,17,client0,scan1,supprimer,[3245412567216],0
18,19,client0,scan1,transmission,[caisse3],0
20,21,client0,scan1,abandon,[],?
22,23,client0,caisse3,ouvrirSession,[],0
24,25,client0,caisse3,ajouter,[3570590109324],0
26,27,client0,caisse3,fermerSession,[],0
28,29,client0,caisse3,payer,[8.06],0
30,31,client1,scan1,debloquer,[],0
32,33,client1,scan1,scanner,[3020120029030],0
34,35,client1,scan1,supprimer,[3020120029030],0
36,37,client1,scan1,scanner,[7640164630021],-2
38,39,client1,scan1,scanner,[7640164630021],-2
40,41,client1,scan1,scanner,[3270190022534],0
42,43,client1,scan1,scanner,[3017620402678],0
44,45,client1,scan1,scanner,[3570590109324],-2
46,47,client1,scan1,transmission,[caisse3],0
48,49,client1,scan1,abandon,[],?
50,51,client1,caisse3,ouvrirSession,[],0
52,53,client1,caisse3,ajouter,[7640164630021],0
54,55,client1,caisse3,ajouter,[7640164630021],0
56,57,client1,caisse3,ajouter,[3570590109324],0
58,59,client1,caisse3,fermerSession,[],0
60,61,client1,caisse3,payer,[533.8100000000001],64.09
62,63,client2,scan0,debloquer,[],0
64,65,client2,scan0,scanner,[7640164630021],-2
66,67,client2,scan0,scanner,[8715700110622],0
68,69,client2,scan0,scanner,[5410188006711],0
70,71,client2,scan0,scanner,[7640164630021],-2
72,73,client2,scan0,scanner,[3560071097424],0
74,75,client2,scan0,scanner,[3046920010856],0
76,77,client2,scan0,scanner,[3560071097424],0
78,79,client2,scan0,supprimer,[5410188006711],0
80,81,client2,scan0,supprimer,[3046920010856],0
82,83,client2,scan0,supprimer,[3560071097424],0
84,85,client2,scan0,supprimer,[3560071097424],0
86,87,client2,scan0,scanner,[8715700110622],0
88,89,client2,scan0,supprimer,[8715700110622],0
90,91,client2,scan0,transmission,[caisse3],0
92,93,client2,scan0,abandon,[],?
94,95,client2,caisse3,ouvrirSession,[],0
96,97,client2,caisse3,ajouter,[7640164630021],0
98,99,client2,caisse3,ajouter,[7640164630021],0
100,101,client2,caisse3,fermerSession,[],0
102,103,client2,caisse3,payer,[505.70000000000005],44.94
104,105,client3,scan1,debloquer,[],0
106,107,client3,scan1,scanner,[3245412567216],0
108,109,client3,scan1,scanner,[3570590109324],-2
110,111,client3,scan1,scanner,[3560070048786],0
112,113,client3,scan1,scanner,[7640164630021],-2
114,115,client3,scan1,scanner,[3560071097424],0
116,117,client3,scan1,supprimer,[3560071097424],0
118,119,client3,scan1,supprimer,[3560070048786],0
120,121,client3,scan1,scanner,[3017620402678],0
122,123,client3,scan1,scanner,[7640164630021],-2
124,125,client3,scan1,transmission,[caisse0],0
126,127,client3,scan1,abandon,[],?
128,129,client3,caisse0,ouvrirSession,[],0
130,131,client3,caisse0,ajouter,[3570590109324],0
132,133,client3,caisse0,ajouter,[7640164630021],0
134,135,client3,caisse0,ajouter,[7640164630021],0
136,137,client3,caisse0,fermerSession,[],0
138,139,client3,caisse0,payer,[470.61],0
140,141,client4,scan3,debloquer,[],0
142,143,client4,scan3,scanner,[7640164630021],-2
144,145,client4,scan3,scanner,[3017800238592],0
146,147,client4,scan3,scanner,[3474377910724],0
148,149,client4,scan3,scanner,[3020120029030],0
150,151,client4,scan3,scanner,[3474377910724],0
152,153,client4,scan3,scanner,[3474377910724],0
154,155,client4,scan3,supprimer,[3017800238592],0
156,157,client4,scan3,supprimer,[3474377910724],0
158,159,client4,scan3,supprimer,[3474377910724],0
160,161,client4,scan3,supprimer,[3020120029030],0
162,163,client4,scan3,transmission,[caisse2],0
164,165,client4,scan3,abandon,[],?
166,167,client4,caisse2,ouvrirSession,[],0
168,169,client4,caisse2,ajouter,[7640164630021],0
170,171,client4,caisse2,fermerSession,[],0
172,173,client4,caisse2,payer,[238.5],0
174,175,client5,scan2,debloquer,[],0
176,177,client5,scan2,scanner,[3560070976478],0
178,179,client5,scan2,scanner,[7640164630021],-2
180,181,client5,scan2,scanner,[3570590109324],-2
182,183,client5,scan2,scanner,[3474377910724],0
184,185,client5,scan2,scanner,[3570590109324],-2
186,187,client5,scan2,scanner,[3474377910724],0
188,189,client5,scan2,supprimer,[3474377910724],0
190,191,client5,scan2,supprimer,[3474377910724],0
192,193,client5,scan2,scanner,[3560071097424],0
194,195,client5,scan2,transmission,[caisse0],0
196,197,client5,scan2,abandon,[],?
198,199,client5,caisse0,ouvrirSession,[],0
200,201,client5,caisse0,ajouter,[7640164630021],0
202,203,client5,caisse0,ajouter,[3570590109324],0
204,205,client5,caisse0,ajouter,[3570590109324],0
206,207,client5,caisse0,fermerSession,[],0
208,209,client5,caisse0,payer,[249.20000000000002],0
210,211,client6,scan1,debloquer,[],0
212,213,client6,scan1,scanner,[3560070139675],0
214,215,client6,scan1,scanner,[3560070976478],0
216,217,client6,scan1,scanner,[7640164630021],-2
218,219,client6,scan1,supprimer,[3560070139675],0
220,221,client6,scan1,transmission,[caisse2],0
222,223,client6,scan1,abandon,[],?
224,225,client6,caisse2,ouvrirSession,[],0
226,227,client6,caisse2,ajouter,[7640164630021],0
228,229,client6,caisse2,fermerSession,[],0
230,231,client6,caisse2,payer,[231.84],0
232,233,client7,scan3,debloquer,[],0
234,235,client7,scan3,scanner,[5410188006711],0
236,237,client7,scan3,scanner,[8715700110622],0
238,239,client7,scan3,scanner,[3046920010856],0
240,241,client7,scan3,supprimer,[5410188006711],0
242,243,client7,scan3,scanner,[3560070976478],0
244,245,client7,scan3,supprimer,[8715700110622],0
246,247,client7,scan3,supprimer,[3560070976478],0
248,249,client7,scan3,scanner,[3474377910724],0
250,251,client7,scan3,scanner,[3017620402678],0
252,253,client7,scan3,transmission,[caisse2],0
254,255,client7,scan3,abandon,[],?
256,257,client7,caisse2,payer,[12.469999999999999],0
258,259,client8,scan3,debloquer,[],0
260,261,client8,scan3,scanner,[3020120029030],0
262,263,client8,scan3,scanner,[3017620402678],0
264,265,client8,scan3,scanner,[3560071097424],0
266,267,client8,scan3,scanner,[3560071097424],0
268,269,client8,scan3,scanner,[3560070976478],0
270,271,client8,scan3,supprimer,[3560071097424],0
272,273,client8,scan3,supprimer,[3560071097424],0
274,275,client8,scan3,supprimer,[3560070976478],0
276,277,client8,scan3,transmission,[caisse0],0
278,279,client8,scan3,abandon,[],?
280,281,client8,caisse0,payer,[90.06],86.5
282,283,client9,scan3,debloquer,[],0
284,285,client9,scan3,scanner,[3017620402678],0
286,287,client9,scan3,scanner,[5410188006711],0
288,289,client9,scan3,scanner,[3560070976478],0
290,291,client9,scan3,scanner,[3474377910724],0
292,293,client9,scan3,scanner,[3017620402678],0
294,295,client9,scan3,supprimer,[3017620402678],0
296,297,client9,scan3,supprimer,[3560070976478],0
298,299,client9,scan3,supprimer,[3474377910724],0
300,301,client9,scan3,supprimer,[3017620402678],0
302,303,client9,scan3,supprimer,[5410188006711],0
304,305,client9,scan3,scanner,[45496420598],0
306,307,client9,scan3,transmission,[caisse1],0
308,309,client9,scan3,abandon,[],?
310,311,client9,caisse1,payer,[54.99],0
312,313,client10,scan1,debloquer,[],0
314,315,client10,scan1,scanner,[3560071097424],0
316,317,client10,scan1,scanner,[3046920010856],0
318,319,client10,scan1,supprimer,[3560071097424],0
320,321,client10,scan1,scanner,[5410188006711],0
322,323,client10,scan1,supprimer,[5410188006711],0
324,325,client10,scan1,transmission,[caisse3],0
326,327,client10,scan1,abandon,[],?
328,329,client10,caisse3,payer,[70.0],67.99
330,331,client11,scan2,debloquer,[],0
332,333,client11,scan2,scanner,[3245412567216],0
334,335,client11,scan2,scanner,[3046920010856],0
336,337,client11,scan2,scanner,[8715700110622],0
338,339,client11,scan2,supprimer,[3245412567216],0
340,341,client11,scan2,scanner,[3020120029030],0
342,343,client11,scan2,supprimer,[3046920010856],0
344,345,client11,scan2,supprimer,[3020120029030],0
346,347,client11,scan2,scanner,[45496420598],0
348,349,client11,scan2,transmission,[caisse0],0
350,351,client11,scan2,abandon,[],?
352,353,client11,caisse0,payer,[112.77000000000001],56.82
354,355,client12,scan2,debloquer,[],0
356,357,client12,scan2,scanner,[3560070048786],0
358,359,client12,scan2,scanner,[3560070048786],0
360,361,client12,scan2,scanner,[3270190022534],0
362,363,client12,scan2,scanner,[8718309259938],0
364,365,client12,scan2,supprimer,[3560070048786],0
366,367,client12,scan2,supprimer,[3270190022534],0
368,369,client12,scan2,transmission,[caisse2],0
370,371,client12,scan2,abandon,[],?
372,373,client12,caisse2,payer,[73.7],68.18
374,375,client13,scan3,debloquer,[],0
376,377,client13,scan3,scanner,[3245412567216],0
378,379,client13,scan3,scanner,[3560071097424],0
380,381,client13,scan3,scanner,[5410188006711],0
382,383,client13,scan3,supprimer,[3560071097424],0
384,385,client13,scan3,scanner,[45496420598],0
386,387,client13,scan3,supprimer,[45496420598],0
388,389,client13,scan3,supprimer,[5410188006711],0
390,391,client13,scan3,scanner,[8718309259938],0
392,393,client13,scan3,transmission,[caisse3],0
394,395,client13,scan3,abandon,[],?
396,397,client13,caisse3,payer,[56.23],50.11
398,399,client14,scan3,debloquer,[],0
400,401,client14,scan3,scanner,[3560070048786],0
402,403,client14,scan3,scanner,[7640164630021],-2
404,405,client14,scan3,scanner,[3017800238592],0
406,407,client14,scan3,scanner,[3570590109324],-2
408,409,client14,scan3,scanner,[3017800238592],0
410,411,client14,scan3,supprimer,[3017800238592],0
412,413,client14,scan3,scanner,[3570590109324],-2
414,415,client14,scan3,supprimer,[3017800238592],0
416,417,client14,scan3,supprimer,[3560070048786],0
418,419,client14,scan3,scanner,[3520115810259],0
420,421,client14,scan3,transmission,[caisse3],1
422,423,client14,scan3,scanner,[5410188006711],-3
424,425,client14,scan3,abandon,[],?
426,427,client15,scan0,debloquer,[],0
428,429,client15,scan0,scanner,[3245412567216],0
430,431,client15,scan0,scanner,[3560070048786],0
432,433,client15,scan0,scanner,[3017800238592],0
434,435,client15,scan0,scanner,[3474377910724],0
436,437,client15,scan0,scanner,[3560070976478],0
438,439,client15,scan0,scanner,[3017620402678],0
440,441,client15,scan0,supprimer,[3560070976478],0
442,443,client15,scan0,scanner,[3570590109324],-2
444,445,client15,scan0,transmission,[caisse0],1
446,447,client15,scan0,scanner,[3245412567216],0
448,449,client15,scan0,scanner,[3560070048786],0
450,451,client15,scan0,scanner,[3017800238592],0
452,453,client15,scan0,scanner,[3474377910724],0
454,455,client15,scan0,scanner,[3560071097424],-3
456,457,client15,scan0,abandon,[],?
458,459,client16,scan0,debloquer,[],0
460,461,client16,scan0,scanner,[3560071097424],0
462,463,client16,scan0,supprimer,[3560071097424],0
464,465,client16,scan0,scanner,[3570590109324],-2
466,467,client16,scan0,scanner,[5410188006711],0
468,469,client16,scan0,scanner,[3570590109324],-2
470,471,client16,scan0,transmission,[caisse0],1
472,473,client16,scan0,scanner,[5410188006711],0
474,475,client16,scan0,transmission,[caisse0],0
476,477,client16,scan0,abandon,[],?
478,479,client16,caisse0,ouvrirSession,[],0
480,481,client16,caisse0,ajouter,[3570590109324],0
482,483,client16,caisse0,ajouter,[3570590109324],0
484,485,client16,caisse0,fermerSession,[],0
486,487,client16,caisse0,payer,[60.38],43.27
488,489,client17,scan3,debloquer,[],0
490,491,client17,scan3,scanner,[45496420598],0
492,493,client17,scan3,scanner,[3560070048786],0
494,495,client17,scan3,scanner,[3017800238592],0
496,497,client17,scan3,scanner,[3474377910724],0
498,499,client17,scan3,supprimer,[3560070048786],0
500,501,client17,scan3,supprimer,[3017800238592],0
502,503,client17,scan3,scanner,[3570590109324],-2
504,505,client17,scan3,supprimer,[45496420598],0
506,507,client17,scan3,scanner,[3270190022534],0
508,509,client17,scan3,scanner,[3046920010856],0
510,511,client17,scan3,supprimer,[3474377910724],0
512,513,client17,scan3,transmission,[caisse1],1
514,515,client17,scan3,scanner,[45496420598],-3
516,517,client17,scan3,abandon,[],?
518,519,client18,scan0,debloquer,[],0
520,521,client18,scan0,scanner,[45496420598],0
522,523,client18,scan0,scanner,[7640164630021],-2
524,525,client18,scan0,scanner,[3474377910724],0
526,527,client18,scan0,scanner,[7640164630021],-2
528,529,client18,scan0,scanner,[3020120029030],0
530,531,client18,scan0,scanner,[3245412567216],0
532,533,client18,scan0,supprimer,[3474377910724],0
534,535,client18,scan0,supprimer,[3020120029030],0
536,537,client18,scan0,supprimer,[45496420598],0
538,539,client18,scan0,supprimer,[3245412567216],0
540,541,client18,scan0,scanner,[3570590109324],-2
542,543,client18,scan0,scanner,[3046920010856],0
544,545,client18,scan0,scanner,[3017800238592],0
546,547,client18,scan0,transmission,[caisse3],1
548,549,client18,scan0,scanner,[3046920010856],0
550,551,client18,scan0,scanner,[5410188006711],-3
552,553,client18,scan0,abandon,[],?
554,555,client19,scan3,debloquer,[],0
556,557,client19,scan3,scanner,[3474377910724],0
558,559,client19,scan3,scanner,[3560070048786],0
560,561,client19,scan3,supprimer,[3560070048786],0
562,563,client19,scan3,supprimer,[3474377910724],0
564,565,client19,scan3,scanner,[8715700110622],0
566,567,client19,scan3,scanner,[7640164630021],-2
568,569,client19,scan3,scanner,[8715700110622],0
570,571,client19,scan3,transmission,[caisse0],1
572,573,client19,scan3,scanner,[3560070139675],-3
574,575,client19,scan3,abandon,[],?
576,577,client20,scan3,debloquer,[],0
578,579,client20,scan3,scanner,[3570590109324],-2
580,581,client20,scan3,scanner,[3570590109324],-2
582,583,client20,scan3,scanner,[3560070048786],0
584,585,client20,scan3,scanner,[45496420598],0
586,587,client20,scan3,supprimer,[45496420598],0
588,589,client20,scan3,supprimer,[3560070048786],0
590,591,client20,scan3,scanner,[3560070139675],0
592,593,client20,scan3,transmission,[caisse2],1
594,595,client20,scan3,scanner,[3474377910724],-3
596,597,client20,scan3,abandon,[],?
598,599,client21,scan1,debloquer,[],0
600,601,client21,scan1,scanner,[7640164630021],-2
602,603,client21,scan1,scanner,[45496420598],0
604,605,client21,scan1,scanner,[7640164630021],-2
606,607,client21,scan1,scanner,[8718309259938],0
608,609,client21,scan1,supprimer,[8718309259938],0
610,611,client21,scan1,scanner,[7640164630021],-2
612,613,client21,scan1,supprimer,[7640164630021],-2
614,615,client21,scan1,scanner,[3560070976478],0
616,617,client21,scan1,supprimer,[7640164630021],-2
618,619,client21,scan1,supprimer,[45496420598],0
620,621,client21,scan1,supprimer,[7640164630021],-2
622,623,client21,scan1,scanner,[3474377910724],0
624,625,client21,scan1,transmission,[caisse0],0
626,627,client21,scan1,abandon,[],?
628,629,client21,caisse0,ouvrirSession,[],0
630,631,client21,caisse0,ajouter,[7640164630021],0
632,633,client21,caisse0,ajouter,[7640164630021],0
634,635,client21,caisse0,ajouter,[7640164630021],0
636,637,client21,caisse0,supprimer,[7640164630021],0
638,639,client21,caisse0,supprimer,[7640164630021],0
640,641,client21,caisse0,supprimer,[7640164630021],0
642,643,client21,caisse0,fermerSession,[],0
644,645,client21,caisse0,payer,[10.54000000000002],0
646,647,client22,scan2,debloquer,[],0
648,649,client22,scan2,scanner,[8718309259938],0
650,651,client22,scan2,scanner,[7640164630021],-2
652,653,client22,scan2,scanner,[3560070048786],0
654,655,client22,scan2,supprimer,[8718309259938],0
656,657,client22,scan2,supprimer,[7640164630021],-2
658,659,client22,scan2,scanner,[3270190022534],0
660,661,client22,scan2,scanner,[3020120029030],0
662,663,client22,scan2,scanner,[3570590109324],-2
664,665,client22,scan2,transmission,[caisse1],0
666,667,client22,scan2,abandon,[],?
668,669,client22,caisse1,ouvrirSession,[],0
670,671,client22,caisse1,ajouter,[7640164630021],0
672,673,client22,caisse1,ajouter,[3570590109324],0
674,675,client22,caisse1,supprimer,[7640164630021],0
676,677,client22,caisse1,fermerSession,[],0
678,679,client22,caisse1,payer,[15.759999999999994],5.13
680,681,client23,scan2,debloquer,[],0
682,683,client23,scan2,scanner,[3570590109324],-2
684,685,client23,scan2,scanner,[7640164630021],-2
686,687,client23,scan2,supprimer,[3570590109324],-2
688,689,client23,scan2,supprimer,[7640164630021],-2
690,691,client23,scan2,scanner,[5410188006711],0
692,693,client23,scan2,supprimer,[5410188006711],0
694,695,client23,scan2,scanner,[3020120029030],0
696,697,client23,scan2,transmission,[caisse1],0
698,699,client23,scan2,abandon,[],?
700,701,client23,caisse1,ouvrirSession,[],0
702,703,client23,caisse1,ajouter,[3570590109324],0
704,705,client23,caisse1,ajouter,[7640164630021],0
706,707,client23,caisse1,supprimer,[7640164630021],0
708,709,client23,caisse1,supprimer,[3570590109324],0
710,711,client23,caisse1,fermerSession,[],0
712,713,client23,caisse1,payer,[80.12999999999998],78.43
714,715,client24,scan3,debloquer,[],0
716,717,client24,scan3,scanner,[3017800238592],0
718,719,client24,scan3,scanner,[3560071097424],0
720,721,client24,scan3,scanner,[3520115810259],0
722,723,client24,scan3,scanner,[3046920010856],0
724,725,client24,scan3,supprimer,[3017800238592],0
726,727,client24,scan3,scanner,[7640164630021],-2
728,729,client24,scan3,scanner,[3560070976478],0
730,731,client24,scan3,supprimer,[3560071097424],0
732,733,client24,scan3,supprimer,[7640164630021],-2
734,735,client24,scan3,supprimer,[3520115810259],0
736,737,client24,scan3,supprimer,[3560070976478],0
738,739,client24,scan3,transmission,[caisse0],0
740,741,client24,scan3,abandon,[],?
742,743,client24,caisse0,ouvrirSession,[],0
744,745,client24,caisse0,ajouter,[7640164630021],0
746,747,client24,caisse0,supprimer,[7640164630021],0
748,749,client24,caisse0,fermerSession,[],0
750,751,client24,caisse0,payer,[2.009999999999991],0
752,753,client25,scan3,debloquer,[],0
754,755,client25,scan3,scanner,[3570590109324],-2
756,757,client25,scan3,scanner,[3560071097424],0
758,759,client25,scan3,scanner,[3245412567216],0
760,761,client25,scan3,supprimer,[3245412567216],0
762,763,client25,scan3,scanner,[7640164630021],-2
764,765,client25,scan3,supprimer,[3570590109324],-2
766,767,client25,scan3,supprimer,[7640164630021],-2
768,769,client25,scan3,supprimer,[3560071097424],0
770,771,client25,scan3,scanner,[8715700110622],0
772,773,client25,scan3,transmission,[caisse2],0
774,775,client25,scan3,abandon,[],?
776,777,client25,caisse2,ouvrirSession,[],0
778,779,client25,caisse2,ajouter,[3570590109324],0
780,781,client25,caisse2,ajouter,[7640164630021],0
782,783,client25,caisse2,supprimer,[7640164630021],0
784,785,client25,caisse2,supprimer,[3570590109324],0
786,787,client25,caisse2,fermerSession,[],0
788,789,client25,caisse2,payer,[0.9599999999999973],0
790,791,client26,scan2,debloquer,[],0
792,793,client26,scan2,scanner,[8715700110622],0
794,795,client26,scan2,scanner,[8715700110622],0
796,797,client26,scan2,scanner,[3017800238592],0
798,799,client26,scan2,scanner,[7640164630021],-2
800,801,client26,scan2,scanner,[3570590109324],-2
802,803,client26,scan2,scanner,[45496420598],0
804,805,client26,scan2,supprimer,[45496420598],0
806,807,client26,scan2,scanner,[3570590109324],-2
808,809,client26,scan2,supprimer,[7640164630021],-2
810,811,client26,scan2,supprimer,[3570590109324],-2
812,813,client26,scan2,supprimer,[3570590109324],-2
814,815,client26,scan2,scanner,[3245412567216],0
816,817,client26,scan2,transmission,[caisse0],0
818,819,client26,scan2,abandon,[],?
820,821,client26,caisse0,ouvrirSession,[],0
822,823,client26,caisse0,ajouter,[7640164630021],0
824,825,client26,caisse0,ajouter,[3570590109324],0
826,827,client26,caisse0,ajouter,[3570590109324],0
828,829,client26,caisse0,supprimer,[7640164630021],0
830,831,client26,caisse0,supprimer,[3570590109324],0
832,833,client26,caisse0,supprimer,[3570590109324],0
834,835,client26,caisse0,fermerSession,[],0
836,837,client26,caisse0,payer,[5.589999999999982],0
838,839,client27,scan1,debloquer,[],0
840,841,client27,scan1,scanner,[3020120029030],0
842,843,client27,scan1,scanner,[3020120029030],0
844,845,client27,scan1,scanner,[7640164630021],-2
846,847,client27,scan1,supprimer,[7640164630021],-2
848,849,client27,scan1,supprimer,[3020120029030],0
850,851,client27,scan1,scanner,[3046920010856],0
852,853,client27,scan1,transmission,[caisse2],0
854,855,client27,scan1,abandon,[],?
856,857,client27,caisse2,ouvrirSession,[],0
858,859,client27,caisse2,ajouter,[7640164630021],0
860,861,client27,caisse2,supprimer,[7640164630021],0
862,863,client27,caisse2,fermerSession,[],0
864,865,client27,caisse2,payer,[3.710000000000008],0
866,867,client28,scan0,debloquer,[],0
868,869,client28,scan0,scanner,[8718309259938],0
870,871,client28,scan0,supprimer,[8718309259938],0
872,873,client28,scan0,scanner,[5410188006711],0
874,875,client28,scan0,transmission,[caisse3],1
876,877,client28,scan0,scanner,[3520115810259],-3
878,879,client28,scan0,abandon,[],?
880,881,client29,scan0,debloquer,[],0
882,883,client29,scan0,scanner,[3560070139675],0
884,885,client29,scan0,supprimer,[3560070139675],0
886,887,client29,scan0,scanner,[3245412567216],0
888,889,client29,scan0,scanner,[3560070048786],0
890,891,client29,scan0,scanner,[3017620402678],0
892,893,client29,scan0,scanner,[3270190022534],0
894,895,client29,scan0,transmission,[caisse0],1
896,897,client29,scan0,scanner,[3245412567216],0
898,899,client29,scan0,scanner,[3560070048786],0
900,901,client29,scan0,scanner,[3017620402678],0
902,903,client29,scan0,scanner,[3020120029030],-3
904,905,client29,scan0,abandon,[],?
906,907,client30,scan1,debloquer,[],0
908,909,client30,scan1,scanner,[3017620402678],0
910,911,client30,scan1,scanner,[3017620402678],0
912,913,client30,scan1,scanner,[3520115810259],0
914,915,client30,scan1,supprimer,[3017620402678],0
916,917,client30,scan1,supprimer,[3520115810259],0
918,919,client30,scan1,scanner,[3245412567216],0
920,921,client30,scan1,supprimer,[3017620402678],0
922,923,client30,scan1,transmission,[caisse3],1
924,925,client30,scan1,scanner,[3245412567216],0
926,927,client30,scan1,transmission,[caisse3],0
928,929,client30,scan1,abandon,[],?
930,931,client30,caisse3,payer,[1.4700000000000009],0
932,933,client31,scan1,debloquer,[],0
934,935,client31,scan1,scanner,[3560070976478],0
936,937,client31,scan1,supprimer,[3560070976478],0
938,939,client31,scan1,scanner,[3560070976478],0
940,941,client31,scan1,transmission,[caisse2],1
942,943,client31,scan1,scanner,[3020120029030],-3
944,945,client31,scan1,abandon,[],?
946,947,client32,scan0,debloquer,[],0
948,949,client32,scan0,scanner,[3560070976478],0
950,951,client32,scan0,scanner,[3245412567216],0
952,953,client32,scan0,scanner,[3046920010856],0
954,955,client32,scan0,supprimer,[3046920010856],0
956,957,client32,scan0,supprimer,[3560070976478],0
958,959,client32,scan0,scanner,[45496420598],0
960,961,client32,scan0,scanner,[3046920010856],0
962,963,client32,scan0,transmission,[caisse2],1
964,965,client32,scan0,scanner,[3474377910724],-3
966,967,client32,scan0,abandon,[],?
968,969,client33,scan3,debloquer,[],0
970,971,client33,scan3,scanner,[8718309259938],0
972,973,client33,scan3,scanner,[3245412567216],0
974,975,client33,scan3,supprimer,[8718309259938],0
976,977,client33,scan3,scanner,[3020120029030],0
978,979,client33,scan3,transmission,[caisse1],1
980,981,client33,scan3,scanner,[3245412567216],0
982,983,client33,scan3,scanner,[3560070048786],-3
984,985,client33,scan3,abandon,[],?
986,987,client34,scan1,debloquer,[],0
988,989,client34,scan1,scanner,[5410188006711],0
990,991,client34,scan1,scanner,[3560070139675],0
992,993,client34,scan1,scanner,[3017800238592],0
994,995,client34,scan1,supprimer,[3017800238592],0
996,997,client34,scan1,supprimer,[5410188006711],0
998,999,client34,scan1,scanner,[5410188006711],0
1000,1001,client34,scan1,scanner,[45496420598],0
1002,1003,client34,scan1,supprimer,[45496420598],0
1004,1005,client34,scan1,scanner,[8718309259938],0
1006,1007,client34,scan1,transmission,[caisse2],1
1008,1009,client34,scan1,scanner,[3560070139675],0
1010,1011,client34,scan1,scanner,[3017800238592],-3
1012,1013,client34,scan1,abandon,[],?
1014,1015,client35,scan1,debloquer,[],0
1016,1017,client35,scan1,scanner,[3560070048786],0
1018,1019,client35,scan1,scanner,[3520115810259],0
1020,1021,client35,scan1,scanner,[3520115810259],0
1022,1023,client35,scan1,scanner,[5410188006711],0
1024,1025,client35,scan1,scanner,[3560071097424],0
1026,1027,client35,scan1,transmission,[caisse0],1
1028,1029,client35,scan1,scanner,[3560070048786],0
1030,1031,client35,scan1,scanner,[3520115810259],0
1032,1033,client35,scan1,scanner,[3520115810259],0
1034,1035,client35,scan1,scanner,[5410188006711],0
1036,1037,client35,scan1,scanner,[3560071097424],0
1038,1039,client35,scan1,transmission,[caisse0],0
1040,1041,client35,scan1,abandon,[],?
1042,1043,client35,caisse0,payer,[22.4],0
1044,1045,client36,scan2,debloquer,[],0
1046,1047,client36,scan2,scanner,[3520115810259],0
1048,1049,client36,scan2,scanner,[3560070139675],0
1050,1051,client36,scan2,scanner,[3017800238592],0
1052,1053,client36,scan2,scanner,[3560070139675],0
1054,1055,client36,scan2,scanner,[3560070048786],0
1056,1057,client36,scan2,scanner,[5410188006711],0
1058,1059,client36,scan2,transmission,[caisse3],1
1060,1061,client36,scan2,scanner,[3520115810259],0
1062,1063,client36,scan2,scanner,[3560070139675],0
1064,1065,client36,scan2,scanner,[3017800238592],0
1066,1067,client36,scan2,scanner,[3560070139675],0
1068,1069,client36,scan2,scanner,[3560070048786],0
1070,1071,client36,scan2,scanner,[5410188006711],0
1072,1073,client36,scan2,transmission,[caisse3],0
1074,1075,client36,scan2,abandon,[],?
1076,1077,client36,caisse3,payer,[17.589999999999996],0
1078,1079,client37,scan1,debloquer,[],0
1080,1081,client37,scan1,scanner,[3520115810259],0
1082,1083,client37,scan1,scanner,[3560070976478],0
1084,1085,client37,scan1,scanner,[3245412567216],0
1086,1087,client37,scan1,scanner,[3017800238592],0
1088,1089,client37,scan1,scanner,[3270190022534],0
1090,1091,client37,scan1,scanner,[5410188006711],0
1092,1093,client37,scan1,transmission,[caisse1],1
1094,1095,client37,scan1,scanner,[3520115810259],0
1096,1097,client37,scan1,scanner,[3560070976478],0
1098,1099,client37,scan1,scanner,[3245412567216],0
1100,1101,client37,scan1,scanner,[3017800238592],0
1102,1103,client37,scan1,scanner,[3270190022534],0
1104,1105,client37,scan1,scanner,[5410188006711],0
1106,1107,client37,scan1,transmission,[caisse1],0
1108,1109,client37,scan1,abandon,[],?
1110,1111,client37,caisse1,payer,[16.830000000000002],0
1112,1113,client38,scan1,debloquer,[],0
1114,1115,client38,scan1,scanner,[3017620402678],0
1116,1117,client38,scan1,scanner,[3560071097424],0
1118,1119,client38,scan1,transmission,[caisse0],1
1120,1121,client38,scan1,scanner,[3017620402678],0
1122,1123,client38,scan1,scanner,[3560071097424],0
1124,1125,client38,scan1,transmission,[caisse0],0
1126,1127,client38,scan1,abandon,[],?
1128,1129,client38,caisse0,payer,[8.04],3.78
1130,1131,client39,scan1,debloquer,[],0
1132,1133,client39,scan1,scanner,[3520115810259],0
1134,1135,client39,scan1,scanner,[3560070139675],0
1136,1137,client39,scan1,scanner,[3560071097424],0
1138,1139,client39,scan1,transmission,[caisse1],1
1140,1141,client39,scan1,scanner,[3520115810259],0
1142,1143,client39,scan1,scanner,[3560070139675],0
1144,1145,client39,scan1,scanner,[3560071097424],0
1146,1147,client39,scan1,transmission,[caisse1],0
1148,1149,client39,scan1,abandon,[],?
1150,1151,client39,caisse1,payer,[12.83],0
1152,1153,client40,scan2,debloquer,[],0
1154,1155,client40,scan2,scanner,[8715700110622],0
1156,1157,client40,scan2,scanner,[3270190022534],0
1158,1159,client40,scan2,scanner,[3245412567216],0
1160,1161,client40,scan2,scanner,[3520115810259],0
1162,1163,client40,scan2,scanner,[3520115810259],0
1164,1165,client40,scan2,transmission,[caisse1],1
1166,1167,client40,scan2,scanner,[8715700110622],0
1168,1169,client40,scan2,scanner,[3270190022534],0
1170,1171,client40,scan2,scanner,[3245412567216],0
1172,1173,client40,scan2,scanner,[3520115810259],0
1174,1175,client40,scan2,scanner,[3520115810259],0
1176,1177,client40,scan2,transmission,[caisse1],0
1178,1179,client40,scan2,abandon,[],?
1180,1181,client40,caisse1,payer,[19.990000000000002],0
1182,1183,client41,scan1,debloquer,[],0
1184,1185,client41,scan1,scanner,[3017620402678],0
1186,1187,client41,scan1,scanner,[45496420598],0
1188,1189,client41,scan1,scanner,[3560070139675],0
1190,1191,client41,scan1,scanner,[3046920010856],0
1192,1193,client41,scan1,scanner,[3560070048786],0
1194,1195,client41,scan1,transmission,[caisse0],1
1196,1197,client41,scan1,scanner,[3017620402678],0
1198,1199,client41,scan1,scanner,[45496420598],0
1200,1201,client41,scan1,scanner,[3560070139675],0
1202,1203,client41,scan1,scanner,[3046920010856],0
1204,1205,client41,scan1,scanner,[3560070048786],0
1206,1207,client41,scan1,transmission,[caisse0],0
1208,1209,client41,scan1,abandon,[],?
1210,1211,client41,caisse0,payer,[61.669999999999995],0
1212,1213,client42,scan0,debloquer,[],0
1214,1215,client42,scan0,scanner,[8718309259938],0
1216,1217,client42,scan0,scanner,[3020120029030],0
1218,1219,client42,scan0,transmission,[caisse0],1
1220,1221,client42,scan0,scanner,[8718309259938],0
1222,1223,client42,scan0,scanner,[3020120029030],0
1224,1225,client42,scan0,transmission,[caisse0],0
1226,1227,client42,scan0,abandon,[],?
1228,1229,client42,caisse0,payer,[71.17999999999999],64.83
1230,1231,client43,scan3,debloquer,[],0
1232,1233,client43,scan3,scanner,[3017800238592],0
1234,1235,client43,scan3,scanner,[3560070048786],0
1236,1237,client43,scan3,scanner,[3017800238592],0
1238,1239,client43,scan3,transmission,[caisse0],1
1240,1241,client43,scan3,scanner,[3017800238592],0
1242,1243,client43,scan3,scanner,[3560070048786],0
1244,1245,client43,scan3,scanner,[3017800238592],0
1246,1247,client43,scan3,transmission,[caisse0],0
1248,1249,client43,scan3,abandon,[],?
1250,1251,client43,caisse0,payer,[5.2700000000000005],0
1252,1253,client44,scan1,debloquer,[],0
1254,1255,client44,scan1,scanner,[3020120029030],0
1256,1257,client44,scan1,scanner,[3017800238592],0
1258,1259,client44,scan1,scanner,[5410188006711],0
1260,1261,client44,scan1,scanner,[8715700110622],0
1262,1263,client44,scan1,scanner,[3560070139675],0
1264,1265,client44,scan1,scanner,[3017620402678],0
1266,1267,client44,scan1,transmission,[caisse2],1
1268,1269,client44,scan1,scanner,[3020120029030],0
1270,1271,client44,scan1,scanner,[3017800238592],0
1272,1273,client44,scan1,scanner,[5410188006711],0
1274,1275,client44,scan1,scanner,[8715700110622],0
1276,1277,client44,scan1,scanner,[3560070139675],0
1278,1279,client44,scan1,scanner,[3017620402678],0
1280,1281,client44,scan1,transmission,[caisse2],0
1282,1283,client44,scan1,abandon,[],?
1284,1285,client44,caisse2,payer,[75.63],64.82
1286,1287,client45,scan1,debloquer,[],0
1288,1289,client45,scan1,scanner,[8715700110622],0
1290,1291,client45,scan1,scanner,[8718309259938],0
1292,1293,client45,scan1,transmission,[caisse2],1
1294,1295,client45,scan1,scanner,[8715700110622],0
1296,1297,client45,scan1,scanner,[8718309259938],0
1298,1299,client45,scan1,transmission,[caisse2],0
1300,1301,client45,scan1,abandon,[],?
1302,1303,client45,caisse2,payer,[5.61],0
1304,1305,client46,scan2,debloquer,[],0
1306,1307,client46,scan2,scanner,[3020120029030],0
1308,1309,client46,scan2,scanner,[3046920010856],0
1310,1311,client46,scan2,scanner,[8718309259938],0
1312,1313,client46,scan2,scanner,[3560071097424],0
1314,1315,client46,scan2,scanner,[3560070048786],0
1316,1317,client46,scan2,transmission,[caisse0],1
1318,1319,client46,scan2,scanner,[3020120029030],0
1320,1321,client46,scan2,scanner,[3046920010856],0
1322,1323,client46,scan2,scanner,[8718309259938],0
1324,1325,client46,scan2,scanner,[3560071097424],0
1326,1327,client46,scan2,scanner,[3560070048786],0
1328,1329,client46,scan2,transmission,[caisse0],0
1330,1331,client46,scan2,abandon,[],?
1332,1333,client46,caisse0,payer,[11.629999999999999],0
1334,1335,client47,scan2,debloquer,[],0
1336,1337,client47,scan2,scanner,[3245412567216],0
1338,1339,client47,scan2,scanner,[5410188006711],0
1340,1341,client47,scan2,scanner,[5410188006711],0
1342,1343,client47,scan2,scanner,[45496420598],0
1344,1345,client47,scan2,transmission,[caisse2],1
1346,1347,client47,scan2,scanner,[3245412567216],0
1348,1349,client47,scan2,scanner,[5410188006711],0
1350,1351,client47,scan2,scanner,[5410188006711],0
1352,1353,client47,scan2,scanner,[45496420598],0
1354,1355,client47,scan2,transmission,[caisse2],0
1356,1357,client47,scan2,abandon,[],?
1358,1359,client47,caisse2,payer,[60.760000000000005],0
1360,1361,client48,scan0,debloquer,[],0
1362,1363,client48,scan0,scanner,[3560071097424],0
1364,1365,client48,scan0,scanner,[3520115810259],0
1366,1367,client48,scan0,scanner,[3017800238592],0
1368,1369,client48,scan0,transmission,[caisse2],1
1370,1371,client48,scan0,scanner,[3560071097424],0
1372,1373,client48,scan0,scanner,[3520115810259],0
1374,1375,client48,scan0,scanner,[3017800238592],0
1376,1377,client48,scan0,transmission,[caisse2],0
1378,1379,client48,scan0,abandon,[],?
1380,1381,client48,caisse2,payer,[13.09],0
1382,1383,client49,scan2,debloquer,[],0
1384,1385,client49,scan2,scanner,[8715700110622],0
1386,1387,client49,scan2,scanner,[3560071097424],0
1388,1389,client49,scan2,scanner,[3270190022534],0
1390,1391,client49,scan2,scanner,[7640164630021],-2
1392,1393,client49,scan2,scanner,[3570590109324],-2
1394,1395,client49,scan2,transmission,[caisse0],1
1396,1397,client49,scan2,scanner,[8715700110622],0
1398,1399,client49,scan2,scanner,[3560071097424],0
1400,1401,client49,scan2,scanner,[3270190022534],0
1402,1403,client49,scan2,transmission,[caisse0],0
1404,1405,client49,scan2,abandon,[],?
1406,1407,client49,caisse0,ouvrirSession,[],0
1408,1409,client49,caisse0,ajouter,[7640164630021],0
1410,1411,client49,caisse0,ajouter,[3570590109324],0
1412,1413,client49,caisse0,fermerSession,[],0
1414,1415,client49,caisse0,payer,[241.32],0
1416,1417,client50,scan2,debloquer,[],0
1418,1419,client50,scan2,scanner,[3017620402678],0
1420,1421,client50,scan2,scanner,[3570590109324],-2
1422,1423,client50,scan2,scanner,[3560070139675],0
1424,1425,client50,scan2,scanner,[3560070976478],0
1426,1427,client50,scan2,scanner,[3560070048786],0
1428,1429,client50,scan2,scanner,[3017620402678],0
1430,1431,client50,scan2,scanner,[3570590109324],-2
1432,1433,client50,scan2,scanner,[3017800238592],0
1434,1435,client50,scan2,transmission,[caisse1],1
1436,1437,client50,scan2,scanner,[3017620402678],0
1438,1439,client50,scan2,scanner,[3560070139675],0
1440,1441,client50,scan2,scanner,[3560070976478],0
1442,1443,client50,scan2,scanner,[3560070048786],0
1444,1445,client50,scan2,scanner,[3017620402678],0
1446,1447,client50,scan2,scanner,[3017800238592],0
1448,1449,client50,scan2,transmission,[caisse1],0
1450,1451,client50,scan2,abandon,[],?
1452,1453,client50,caisse1,ouvrirSession,[],0
1454,1455,client50,caisse1,ajouter,[3570590109324],0
1456,1457,client50,caisse1,ajouter,[3570590109324],0
1458,1459,client50,caisse1,fermerSession,[],0
1460,1461,client50,caisse1,payer,[25.63],0
1462,1463,client51,scan2,debloquer,[],0
1464,1465,client51,scan2,scanner,[3570590109324],-2
1466,1467,client51,scan2,scanner,[3520115810259],0
1468,1469,client51,scan2,scanner,[7640164630021],-2
1470,1471,client51,scan2,scanner,[3570590109324],-2
1472,1473,client51,scan2,scanner,[3560070048786],0
1474,1475,client51,scan2,scanner,[3474377910724],0
1476,1477,client51,scan2,transmission,[caisse3],1
1478,1479,client51,scan2,scanner,[3520115810259],0
1480,1481,client51,scan2,scanner,[3560070048786],0
1482,1483,client51,scan2,scanner,[3474377910724],0
1484,1485,client51,scan2,transmission,[caisse3],0
1486,1487,client51,scan2,abandon,[],?
1488,1489,client51,caisse3,ouvrirSession,[],0
1490,1491,client51,caisse3,ajouter,[3570590109324],0
1492,1493,client51,caisse3,ajouter,[7640164630021],0
1494,1495,client51,caisse3,ajouter,[3570590109324],0
1496,1497,client51,caisse3,fermerSession,[],0
1498,1499,client51,caisse3,payer,[301.93],39.11
1500,1501,client52,scan1,debloquer,[],0
1502,1503,client52,scan1,scanner,[3560070139675],0
1504,1505,client52,scan1,scanner,[7640164630021],-2
1506,1507,client52,scan1,scanner,[3520115810259],0
1508,1509,client52,scan1,scanner,[8718309259938],0
1510,1511,client52,scan1,scanner,[7640164630021],-2
1512,1513,client52,scan1,scanner,[3017620402678],0
1514,1515,client52,scan1,scanner,[3570590109324],-2
1516,1517,client52,scan1,transmission,[caisse2],1
1518,1519,client52,scan1,scanner,[3560070139675],0
1520,1521,client52,scan1,scanner,[3520115810259],0
1522,1523,client52,scan1,scanner,[8718309259938],0
1524,1525,client52,scan1,scanner,[3017620402678],0
1526,1527,client52,scan1,transmission,[caisse2],0
1528,1529,client52,scan1,abandon,[],?
1530,1531,client52,caisse2,ouvrirSession,[],0
1532,1533,client52,caisse2,ajouter,[7640164630021],0
1534,1535,client52,caisse2,ajouter,[7640164630021],0
1536,1537,client52,caisse2,ajouter,[3570590109324],0
1538,1539,client52,caisse2,fermerSession,[],0
1540,1541,client52,caisse2,payer,[484.22],0
1542,1543,client53,scan1,debloquer,[],0
1544,1545,client53,scan1,scanner,[3245412567216],0
1546,1547,client53,scan1,scanner,[3570590109324],-2
1548,1549,client53,scan1,scanner,[3570590109324],-2
1550,1551,client53,scan1,scanner,[3020120029030],0
1552,1553,client53,scan1,transmission,[caisse3],1
1554,1555,client53,scan1,scanner,[3245412567216],0
1556,1557,client53,scan1,scanner,[3020120029030],0
1558,1559,client53,scan1,transmission,[caisse3],0
1560,1561,client53,scan1,abandon,[],?
1562,1563,client53,caisse3,ouvrirSession,[],0
1564,1565,client53,caisse3,ajouter,[3570590109324],0
1566,1567,client53,caisse3,ajouter,[3570590109324],0
1568,1569,client53,caisse3,fermerSession,[],0
1570,1571,client53,caisse3,payer,[61.230000000000004],43.1
1572,1573,client54,scan3,debloquer,[],0
1574,1575,client54,scan3,scanner,[7640164630021],-2
1576,1577,client54,scan3,scanner,[3560070048786],0
1578,1579,client54,scan3,scanner,[3046920010856],0
1580,1581,client54,scan3,scanner,[3560070048786],0
1582,1583,client54,scan3,scanner,[3520115810259],0
1584,1585,client54,scan3,scanner,[7640164630021],-2
1586,1587,client54,scan3,scanner,[3570590109324],-2
1588,1589,client54,scan3,scanner,[3245412567216],0
1590,1591,client54,scan3,scanner,[3245412567216],0
1592,1593,client54,scan3,transmission,[caisse0],1
1594,1595,client54,scan3,scanner,[3560070048786],0
1596,1597,client54,scan3,scanner,[3046920010856],0
1598,1599,client54,scan3,scanner,[3560070048786],0
1600,1601,client54,scan3,scanner,[3520115810259],0
1602,1603,client54,scan3,scanner,[3245412567216],0
1604,1605,client54,scan3,scanner,[3245412567216],0
1606,1607,client54,scan3,transmission,[caisse0],0
1608,1609,client54,scan3,abandon,[],?
1610,1611,client54,caisse0,ouvrirSession,[],0
1612,1613,client54,caisse0,ajouter,[7640164630021],0
1614,1615,client54,caisse0,ajouter,[7640164630021],0
1616,1617,client54,caisse0,ajouter,[3570590109324],0
1618,1619,client54,caisse0,fermerSession,[],0
1620,1621,client54,caisse0,payer,[488.4800000000001],6.02
1622,1623,client55,scan2,debloquer,[],0
1624,1625,client55,scan2,scanner,[3560070976478],0
1626,1627,client55,scan2,scanner,[3570590109324],-2
1628,1629,client55,scan2,scanner,[3560070048786],0
1630,1631,client55,scan2,scanner,[7640164630021],-2
1632,1633,client55,scan2,scanner,[3570590109324],-2
1634,1635,client55,scan2,transmission,[caisse2],1
1636,1637,client55,scan2,scanner,[3560070976478],0
1638,1639,client55,scan2,scanner,[3560070048786],0
1640,1641,client55,scan2,transmission,[caisse2],0
1642,1643,client55,scan2,abandon,[],?
1644,1645,client55,caisse2,ouvrirSession,[],0
1646,1647,client55,caisse2,ajouter,[3570590109324],0
1648,1649,client55,caisse2,ajouter,[7640164630021],0
1650,1651,client55,caisse2,ajouter,[3570590109324],0
1652,1653,client55,caisse2,fermerSession,[],0
1654,1655,client55,caisse2,payer,[247.67],0
1656,1657,client56,scan3,debloquer,[],0
1658,1659,client56,scan3,scanner,[3520115810259],0
1660,1661,client56,scan3,scanner,[45496420598],0
1662,1663,client56,scan3,scanner,[3046920010856],0
1664,1665,client56,scan3,scanner,[3560071097424],0
1666,1667,client56,scan3,scanner,[3560071097424],0
1668,1669,client56,scan3,scanner,[3020120029030],0
1670,1671,client56,scan3,transmission,[caisse0],1
1672,1673,client56,scan3,scanner,[3520115810259],0
1674,1675,client56,scan3,scanner,[45496420598],0
1676,1677,client56,scan3,scanner,[3046920010856],0
1678,1679,client56,scan3,scanner,[3560071097424],0
1680,1681,client56,scan3,scanner,[45496420598],-3
1682,1683,client56,scan3,abandon,[],?
1684,1685,client57,scan0,debloquer,[],0
1686,1687,client57,scan0,scanner,[3245412567216],0
1688,1689,client57,scan0,scanner,[3560070976478],0
1690,1691,client57,scan0,scanner,[3270190022534],0
1692,1693,client57,scan0,scanner,[8715700110622],0
1694,1695,client57,scan0,scanner,[8715700110622],0
1696,1697,client57,scan0,transmission,[caisse0],1
1698,1699,client57,scan0,scanner,[3245412567216],0
1700,1701,client57,scan0,scanner,[3017800238592],-3
1702,1703,client57,scan0,abandon,[],?
1704,1705,client58,scan0,debloquer,[],0
1706,1707,client58,scan0,scanner,[5410188006711],0
1708,1709,client58,scan0,scanner,[3020120029030],0
1710,1711,client58,scan0,scanner,[3245412567216],0
1712,1713,client58,scan0,scanner,[3560071097424],0
1714,1715,client58,scan0,transmission,[caisse1],1
1716,1717,client58,scan0,scanner,[5410188006711],0
1718,1719,client58,scan0,scanner,[3017800238592],-3
1720,1721,client58,scan0,abandon,[],?
1722,1723,client59,scan3,debloquer,[],0
1724,1725,client59,scan3,scanner,[3560070048786],0
1726,1727,client59,scan3,scanner,[3017800238592],0
1728,1729,client59,scan3,transmission,[caisse3],1
1730,1731,client59,scan3,scanner,[3560070048786],0
1732,1733,client59,scan3,scanner,[8718309259938],-3
1734,1735,client59,scan3,abandon,[],?
1736,1737,client60,scan1,debloquer,[],0
1738,1739,client60,scan1,scanner,[3017620402678],0
1740,1741,client60,scan1,scanner,[3560070048786],0
1742,1743,client60,scan1,scanner,[3017800238592],0
1744,1745,client60,scan1,transmission,[caisse2],1
1746,1747,client60,scan1,scanner,[3017620402678],0
1748,1749,client60,scan1,scanner,[3560070048786],0
1750,1751,client60,scan1,scanner,[3474377910724],-3
1752,1753,client60,scan1,abandon,[],?
1754,1755,client61,scan2,debloquer,[],0
1756,1757,client61,scan2,scanner,[8715700110622],0
1758,1759,client61,scan2,scanner,[3560071097424],0
1760,1761,client61,scan2,scanner,[5410188006711],0
1762,1763,client61,scan2,transmission,[caisse3],1
1764,1765,client61,scan2,scanner,[8715700110622],0
1766,1767,client61,scan2,scanner,[3245412567216],-3
1768,1769,client61,scan2,abandon,[],?
1770,1771,client62,scan2,debloquer,[],0
1772,1773,client62,scan2,scanner,[3017800238592],0
1774,1775,client62,scan2,scanner,[3020120029030],0
1776,1777,client62,scan2,scanner,[3270190022534],0
1778,1779,client62,scan2,scanner,[3560070139675],0
1780,1781,client62,scan2,transmission,[caisse1],1
1782,1783,client62,scan2,scanner,[3046920010856],-3
1784,1785,client62,scan2,abandon,[],?
1786,1787,client63,scan2,debloquer,[],0
1788,1789,client63,scan2,scanner,[7640164630021],-2
1790,1791,client63,scan2,scanner,[3560070139675],0
1792,1793,client63,scan2,scanner,[3570590109324],-2
1794,1795,client63,scan2,scanner,[3245412567216],0
1796,1797,client63,scan2,scanner,[3474377910724],0
1798,1799,client63,scan2,supprimer,[7640164630021],-2
1800,1801,client63,scan2,scanner,[3046920010856],0
1802,1803,client63,scan2,scanner,[7640164630021],-2
1804,1805,client63,scan2,scanner,[3017800238592],0
1806,1807,client63,scan2,supprimer,[3570590109324],-2
1808,1809,client63,scan2,transmission,[caisse1],1
1810,1811,client63,scan2,scanner,[3560070139675],0
1812,1813,client63,scan2,scanner,[3245412567216],0
1814,1815,client63,scan2,scanner,[5410188006711],-3
1816,1817,client63,scan2,abandon,[],?
1818,1819,client64,scan3,debloquer,[],0
1820,1821,client64,scan3,scanner,[3270190022534],0
1822,1823,client64,scan3,scanner,[3570590109324],-2
1824,1825,client64,scan3,supprimer,[3570590109324],-2
1826,1827,client64,scan3,scanner,[3017800238592],0
1828,1829,client64,scan3,transmission,[caisse0],1
1830,1831,client64,scan3,scanner,[3270190022534],0
1832,1833,client64,scan3,scanner,[3017800238592],0
1834,1835,client64,scan3,transmission,[caisse0],0
1836,1837,client64,scan3,abandon,[],?
1838,1839,client64,caisse0,ouvrirSession,[],0
1840,1841,client64,caisse0,ajouter,[3570590109324],0
1842,1843,client64,caisse0,supprimer,[3570590109324],0
1844,1845,client64,caisse0,fermerSession,[],0
1846,1847,client64,caisse0,payer,[2.780000000000001],0
1848,1849,client65,scan1,debloquer,[],0
1850,1851,client65,scan1,scanner,[3570590109324],-2
1852,1853,client65,scan1,scanner,[3017620402678],0
1854,1855,client65,scan1,scanner,[3560070139675],0
1856,1857,client65,scan1,supprimer,[3570590109324],-2
1858,1859,client65,scan1,scanner,[3570590109324],-2
1860,1861,client65,scan1,scanner,[7640164630021],-2
1862,1863,client65,scan1,transmission,[caisse2],1
1864,1865,client65,scan1,scanner,[3245412567216],-3
1866,1867,client65,scan1,abandon,[],?
1868,1869,client66,scan2,debloquer,[],0
1870,1871,client66,scan2,scanner,[3020120029030],0
1872,1873,client66,scan2,scanner,[7640164630021],-2
1874,1875,client66,scan2,scanner,[3570590109324],-2
1876,1877,client66,scan2,supprimer,[7640164630021],-2
1878,1879,client66,scan2,scanner,[5410188006711],0
1880,1881,client66,scan2,scanner,[3520115810259],0
1882,1883,client66,scan2,scanner,[3560071097424],0
1884,1885,client66,scan2,supprimer,[3570590109324],-2
1886,1887,client66,scan2,scanner,[3560070139675],0
1888,1889,client66,scan2,transmission,[caisse0],1
1890,1891,client66,scan2,scanner,[3020120029030],0
1892,1893,client66,scan2,scanner,[5410188006711],0
1894,1895,client66,scan2,scanner,[3245412567216],-3
1896,1897,client66,scan2,abandon,[],?
1898,1899,client67,scan3,debloquer,[],0
1900,1901,client67,scan3,scanner,[3017800238592],0
1902,1903,client67,scan3,scanner,[3570590109324],-2
1904,1905,client67,scan3,scanner,[7640164630021],-2
1906,1907,client67,scan3,scanner,[3520115810259],0
1908,1909,client67,scan3,scanner,[3245412567216],0
1910,1911,client67,scan3,supprimer,[3570590109324],-2
1912,1913,client67,scan3,scanner,[5410188006711],0
1914,1915,client67,scan3,supprimer,[7640164630021],-2
1916,1917,client67,scan3,scanner,[5410188006711],0
1918,1919,client67,scan3,scanner,[5410188006711],0
1920,1921,client67,scan3,transmission,[caisse0],1
1922,1923,client67,scan3,scanner,[3017800238592],0
1924,1925,client67,scan3,scanner,[3520115810259],0
1926,1927,client67,scan3,scanner,[3245412567216],0
1928,1929,client67,scan3,scanner,[5410188006711],0
1930,1931,client67,scan3,scanner,[3046920010856],-3
1932,1933,client67,scan3,abandon,[],?
1934,1935,client68,scan1,debloquer,[],0
1936,1937,client68,scan1,scanner,[8718309259938],0
1938,1939,client68,scan1,scanner,[3560070976478],0
1940,1941,client68,scan1,scanner,[7640164630021],-2
1942,1943,client68,scan1,supprimer,[7640164630021],-2
1944,1945,client68,scan1,transmission,[caisse1],1
1946,1947,client68,scan1,scanner,[8718309259938],0
1948,1949,client68,scan1,scanner,[3560070048786],-3
1950,1951,client68,scan1,abandon,[],?
1952,1953,client69,scan1,debloquer,[],0
1954,1955,client69,scan1,scanner,[3570590109324],-2
1956,1957,client69,scan1,scanner,[3046920010856],0
1958,1959,client69,scan1,scanner,[7640164630021],-2
1960,1961,client69,scan1,scanner,[8715700110622],0
1962,1963,client69,scan1,supprimer,[3570590109324],-2
1964,1965,client69,scan1,supprimer,[7640164630021],-2
1966,1967,client69,scan1,scanner,[3570590109324],-2
1968,1969,client69,scan1,scanner,[3020120029030],0
1970,1971,client69,scan1,transmission,[caisse2],1
1972,1973,client69,scan1,scanner,[45496420598],-3
1974,1975,client69,scan1,abandon,[],?
1976,1977,client70,scan1,debloquer,[],0
1978,1979,client70,scan1,scanner,[7640164630021],-2
1980,1981,client70,scan1,scanner,[3020120029030],0
1982,1983,client70,scan1,scanner,[3017800238592],0
1984,1985,client70,scan1,scanner,[7640164630021],-2
1986,1987,client70,scan1,scanner,[3560071097424],0
1988,1989,client70,scan1,scanner,[7640164630021],-2
1990,1991,client70,scan1,scanner,[8715700110622],0
1992,1993,client70,scan1,transmission,[caisse3],1
1994,1995,client70,scan1,scanner,[3020120029030],0
1996,1997,client70,scan1,scanner,[3017800238592],0
1998,1999,client70,scan1,scanner,[3560071097424],0
2000,2001,client70,scan1,scanner,[3560070139675],-3
2002,2003,client70,scan1,abandon,[],?
2004,2005,client71,scan2,debloquer,[],0
2006,2007,client71,scan2,scanner,[3570590109324],-2
2008,2009,client71,scan2,scanner,[8718309259938],0
2010,2011,client71,scan2,scanner,[3017620402678],0
2012,2013,client71,scan2,scanner,[3560070139675],0
2014,2015,client71,scan2,scanner,[8718309259938],0
2016,2017,client71,scan2,scanner,[3560070139675],0
2018,2019,client71,scan2,transmission,[caisse0],1
2020,2021,client71,scan2,scanner,[8718309259938],0
2022,2023,client71,scan2,scanner,[3017620402678],0
2024,2025,client71,scan2,scanner,[3560070139675],0
2026,2027,client71,scan2,scanner,[5410188006711],-3
2028,2029,client71,scan2,abandon,[],?
2030,2031,client72,scan3,debloquer,[],0
2032,2033,client72,scan3,scanner,[3245412567216],0
2034,2035,client72,scan3,scanner,[7640164630021],-2
2036,2037,client72,scan3,scanner,[3560071097424],0
2038,2039,client72,scan3,scanner,[3474377910724],0
2040,2041,client72,scan3,transmission,[caisse2],1
2042,2043,client72,scan3,scanner,[3245412567216],0
2044,2045,client72,scan3,scanner,[3560071097424],0
2046,2047,client72,scan3,scanner,[3474377910724],0
2048,2049,client72,scan3,transmission,[caisse2],0
2050,2051,client72,scan3,abandon,[],?
2052,2053,client72,caisse2,ouvrirSession,[],0
2054,2055,client72,caisse2,ajouter,[7640164630021],0
2056,2057,client72,caisse2,fermerSession,[],0
2058,2059,client72,caisse2,payer,[242.37],0
2060,2061,client73,scan1,debloquer,[],0
2062,2063,client73,scan1,scanner,[3017800238592],0
2064,2065,client73,scan1,scanner,[8715700110622],0
2066,2067,client73,scan1,scanner,[3017800238592],0
2068,2069,client73,scan1,scanner,[3570590109324],-2
2070,2071,client73,scan1,transmission,[caisse1],1
2072,2073,client73,scan1,scanner,[3046920010856],-3
2074,2075,client73,scan1,abandon,[],?
2076,2077,client74,scan3,debloquer,[],0
2078,2079,client74,scan3,scanner,[3017620402678],0
2080,2081,client74,scan3,scanner,[3570590109324],-2
2082,2083,client74,scan3,scanner,[7640164630021],-2
2084,2085,client74,scan3,scanner,[3560070048786],0
2086,2087,client74,scan3,scanner,[7640164630021],-2
2088,2089,client74,scan3,transmission,[caisse1],1
2090,2091,client74,scan3,scanner,[3017620402678],0
2092,2093,client74,scan3,scanner,[45496420598],-3
2094,2095,client74,scan3,abandon,[],?
2096,2097,client75,scan2,debloquer,[],0
2098,2099,client75,scan2,scanner,[3570590109324],-2
2100,2101,client75,scan2,scanner,[3570590109324],-2
2102,2103,client75,scan2,scanner,[3046920010856],0
2104,2105,client75,scan2,scanner,[3570590109324],-2
2106,2107,client75,scan2,scanner,[3046920010856],0
2108,2109,client75,scan2,transmission,[caisse3],1
2110,2111,client75,scan2,scanner,[8715700110622],-3
2112,2113,client75,scan2,abandon,[],?
2114,2115,client76,scan0,debloquer,[],0
2116,2117,client76,scan0,scanner,[7640164630021],-2
2118,2119,client76,scan0,scanner,[45496420598],0
2120,2121,client76,scan0,scanner,[7640164630021],-2
2122,2123,client76,scan0,scanner,[3570590109324],-2
2124,2125,client76,scan0,scanner,[3560070048786],0
2126,2127,client76,scan0,transmission,[caisse0],1
2128,2129,client76,scan0,scanner,[8715700110622],-3
2130,2131,client76,scan0,abandon,[],?
2132,2133,client77,scan2,debloquer,[],0
2134,2135,client77,scan2,scanner,[7640164630021],-2
2136,2137,client77,scan2,scanner,[7640164630021],-2
2138,2139,client77,scan2,supprimer,[7640164630021],-2
2140,2141,client77,scan2,scanner,[3020120029030],0
2142,2143,client77,scan2,scanner,[7640164630021],-2
2144,2145,client77,scan2,supprimer,[3020120029030],0
2146,2147,client77,scan2,scanner,[8718309259938],0
2148,2149,client77,scan2,transmission,[caisse1],1
2150,2151,client77,scan2,scanner,[8718309259938],0
2152,2153,client77,scan2,transmission,[caisse1],0
2154,2155,client77,scan2,abandon,[],?
2156,2157,client77,caisse1,ouvrirSession,[],0
2158,2159,client77,caisse1,ajouter,[7640164630021],0
2160,2161,client77,caisse1,ajouter,[7640164630021],0
2162,2163,client77,caisse1,ajouter,[7640164630021],0
2164,2165,client77,caisse1,supprimer,[7640164630021],0
2166,2167,client77,caisse1,fermerSession,[],0
2168,2169,client77,caisse1,payer,[464.44999999999993],0
2170,2171,client78,scan2,debloquer,[],0
2172,2173,client78,scan2,scanner,[3270190022534],0
2174,2175,client78,scan2,scanner,[7640164630021],-2
2176,2177,client78,scan2,scanner,[3570590109324],-2
2178,2179,client78,scan2,scanner,[3474377910724],0
2180,2181,client78,scan2,scanner,[3020120029030],0
2182,2183,client78,scan2,supprimer,[3474377910724],0
2184,2185,client78,scan2,supprimer,[7640164630021],-2
2186,2187,client78,scan2,supprimer,[3570590109324],-2
2188,2189,client78,scan2,supprimer,[3270190022534],0
2190,2191,client78,scan2,scanner,[45496420598],0
2192,2193,client78,scan2,scanner,[7640164630021],-2
2194,2195,client78,scan2,scanner,[3245412567216],0
2196,2197,client78,scan2,supprimer,[3245412567216],0
2198,2199,client78,scan2,transmission,[caisse0],1
2200,2201,client78,scan2,scanner,[3020120029030],0
2202,2203,client78,scan2,scanner,[45496420598],0
2204,2205,client78,scan2,transmission,[caisse0],0
2206,2207,client78,scan2,abandon,[],?
2208,2209,client78,caisse0,ouvrirSession,[],0
2210,2211,client78,caisse0,ajouter,[7640164630021],0
2212,2213,client78,caisse0,ajouter,[3570590109324],0
2214,2215,client78,caisse0,ajouter,[7640164630021],0
2216,2217,client78,caisse0,supprimer,[3570590109324],0
2218,2219,client78,caisse0,supprimer,[7640164630021],0
2220,2221,client78,caisse0,fermerSession,[],0
2222,2223,client78,caisse0,payer,[286.59000000000003],0
2224,2225,client79,scan0,debloquer,[],0
2226,2227,client79,scan0,scanner,[3570590109324],-2
2228,2229,client79,scan0,scanner,[8715700110622],0
2230,2231,client79,scan0,supprimer,[8715700110622],0
2232,2233,client79,scan0,scanner,[3270190022534],0
2234,2235,client79,scan0,scanner,[3017620402678],0
2236,2237,client79,scan0,supprimer,[3570590109324],-2
2238,2239,client79,scan0,transmission,[caisse2],1
2240,2241,client79,scan0,scanner,[3270190022534],0
2242,2243,client79,scan0,scanner,[3017620402678],0
2244,2245,client79,scan0,transmission,[caisse2],0
2246,2247,client79,scan0,abandon,[],?
2248,2249,client79,caisse2,ouvrirSession,[],0
2250,2251,client79,caisse2,ajouter,[3570590109324],0
2252,2253,client79,caisse2,supprimer,[3570590109324],0
2254,2255,client79,caisse2,fermerSession,[],0
2256,2257,client79,caisse2,payer,[2.4399999999999995],0
2258,2259,client80,scan2,debloquer,[],0
2260,2261,client80,scan2,scanner,[3245412567216],0
2262,2263,client80,scan2,scanner,[3270190022534],0
2264,2265,client80,scan2,scanner,[8718309259938],0
2266,2267,client80,scan2,supprimer,[3270190022534],0
2268,2269,client80,scan2,scanner,[8718309259938],0
2270,2271,client80,scan2,scanner,[8715700110622],0
2272,2273,client80,scan2,supprimer,[8718309259938],0
2274,2275,client80,scan2,scanner,[3560070976478],0
2276,2277,client80,scan2,scanner,[3570590109324],-2
2278,2279,client80,scan2,supprimer,[3570590109324],-2
2280,2281,client80,scan2,transmission,[caisse0],1
2282,2283,client80,scan2,scanner,[3245412567216],0
2284,2285,client80,scan2,scanner,[8718309259938],0
2286,2287,client80,scan2,scanner,[8715700110622],0
2288,2289,client80,scan2,scanner,[3560070976478],0
2290,2291,client80,scan2,transmission,[caisse0],0
2292,2293,client80,scan2,abandon,[],?
2294,2295,client80,caisse0,ouvrirSession,[],0
2296,2297,client80,caisse0,ajouter,[3570590109324],0
2298,2299,client80,caisse0,supprimer,[3570590109324],0
2300,2301,client80,caisse0,fermerSession,[],0
2302,2303,client80,caisse0,payer,[9.02],0
2304,2305,client81,scan0,debloquer,[],0
2306,2307,client81,scan0,scanner,[45496420598],0
2308,2309,client81,scan0,scanner,[3570590109324],-2
2310,2311,client81,scan0,scanner,[8718309259938],0
2312,2313,client81,scan0,supprimer,[3570590109324],-2
2314,2315,client81,scan0,scanner,[3570590109324],-2
2316,2317,client81,scan0,scanner,[3474377910724],0
2318,2319,client81,scan0,scanner,[45496420598],0
2320,2321,client81,scan0,scanner,[3270190022534],0
2322,2323,client81,scan0,scanner,[8718309259938],0
2324,2325,client81,scan0,supprimer,[3270190022534],0
2326,2327,client81,scan0,supprimer,[45496420598],0
2328,2329,client81,scan0,supprimer,[8718309259938],0
2330,2331,client81,scan0,supprimer,[8718309259938],0
2332,2333,client81,scan0,transmission,[caisse1],1
2334,2335,client81,scan0,scanner,[3474377910724],0
2336,2337,client81,scan0,scanner,[45496420598],0
2338,2339,client81,scan0,transmission,[caisse1],0
2340,2341,client81,scan0,abandon,[],?
2342,2343,client81,caisse1,ouvrirSession,[],0
2344,2345,client81,caisse1,ajouter,[3570590109324],0
2346,2347,client81,caisse1,ajouter,[3570590109324],0
2348,2349,client81,caisse1,supprimer,[3570590109324],0
2350,2351,client81,caisse1,fermerSession,[],0
2352,2353,client81,caisse1,payer,[71.06999999999998],0
2354,2355,client82,scan0,debloquer,[],0
2356,2357,client82,scan0,scanner,[7640164630021],-2
2358,2359,client82,scan0,scanner,[3570590109324],-2
2360,2361,client82,scan0,scanner,[3560071097424],0
2362,2363,client82,scan0,scanner,[3474377910724],0
2364,2365,client82,scan0,scanner,[3560070976478],0
2366,2367,client82,scan0,supprimer,[7640164630021],-2
2368,2369,client82,scan0,supprimer,[3474377910724],0
2370,2371,client82,scan0,supprimer,[3560071097424],0
2372,2373,client82,scan0,transmission,[caisse3],1
2374,2375,client82,scan0,scanner,[3560070976478],0
2376,2377,client82,scan0,transmission,[caisse3],0
2378,2379,client82,scan0,abandon,[],?
2380,2381,client82,caisse3,ouvrirSession,[],0
2382,2383,client82,caisse3,ajouter,[7640164630021],0
2384,2385,client82,caisse3,ajouter,[3570590109324],0
2386,2387,client82,caisse3,supprimer,[7640164630021],0
2388,2389,client82,caisse3,fermerSession,[],0
2390,2391,client82,caisse3,payer,[9.419999999999987],0
2392,2393,client83,scan3,debloquer,[],0
2394,2395,client83,scan3,scanner,[3270190022534],0
2396,2397,client83,scan3,scanner,[3046920010856],0
2398,2399,client83,scan3,scanner,[3520115810259],0
2400,2401,client83,scan3,scanner,[3245412567216],0
2402,2403,client83,scan3,scanner,[3017800238592],0
2404,2405,client83,scan3,scanner,[3020120029030],0
2406,2407,client83,scan3,supprimer,[3017800238592],0
2408,2409,client83,scan3,supprimer,[3020120029030],0
2410,2411,client83,scan3,supprimer,[3046920010856],0
2412,2413,client83,scan3,scanner,[3570590109324],-2
2414,2415,client83,scan3,scanner,[3570590109324],-2
2416,2417,client83,scan3,supprimer,[3245412567216],0
2418,2419,client83,scan3,supprimer,[3570590109324],-2
2420,2421,client83,scan3,supprimer,[3270190022534],0
2422,2423,client83,scan3,supprimer,[3570590109324],-2
2424,2425,client83,scan3,transmission,[caisse0],1
2426,2427,client83,scan3,scanner,[3520115810259],0
2428,2429,client83,scan3,transmission,[caisse0],0
2430,2431,client83,scan3,abandon,[],?
2432,2433,client83,caisse0,ouvrirSession,[],0
2434,2435,client83,caisse0,ajouter,[3570590109324],0
2436,2437,client83,caisse0,ajouter,[3570590109324],0
2438,2439,client83,caisse0,supprimer,[3570590109324],0
2440,2441,client83,caisse0,supprimer,[3570590109324],0
2442,2443,client83,caisse0,fermerSession,[],0
2444,2445,client83,caisse0,payer,[19.570000000000007],11.08
2446,2447,client84,scan0,debloquer,[],0
2448,2449,client84,scan0,scanner,[3474377910724],0
2450,2451,client84,scan0,scanner,[7640164630021],-2
2452,2453,client84,scan0,scanner,[8715700110622],0
2454,2455,client84,scan0,scanner,[3017800238592],0
2456,2457,client84,scan0,scanner,[7640164630021],-2
2458,2459,client84,scan0,scanner,[3570590109324],-2
2460,2461,client84,scan0,scanner,[3020120029030],0
2462,2463,client84,scan0,scanner,[3560070139675],0
2464,2465,client84,scan0,transmission,[caisse0],0
2466,2467,client84,scan0,abandon,[],?
2468,2469,client84,caisse0,ouvrirSession,[],0
2470,2471,client84,caisse0,ajouter,[7640164630021],0
2472,2473,client84,caisse0,ajouter,[7640164630021],0
2474,2475,client84,caisse0,ajouter,[3570590109324],0
2476,2477,client84,caisse0,fermerSession,[],0
2478,2479,client84,caisse0,payer,[482.68],0
2480,2481,client85,scan0,debloquer,[],0
2482,2483,client85,scan0,scanner,[8715700110622],0
2484,2485,client85,scan0,scanner,[3560070976478],0
2486,2487,client85,scan0,scanner,[3570590109324],-2
2488,2489,client85,scan0,transmission,[caisse3],0
2490,2491,client85,scan0,abandon,[],?
2492,2493,client85,caisse3,ouvrirSession,[],0
2494,2495,client85,caisse3,ajouter,[3570590109324],0
2496,2497,client85,caisse3,fermerSession,[],0
2498,2499,client85,caisse3,payer,[10.38],0
2500,2501,client86,scan0,debloquer,[],0
2502,2503,client86,scan0,scanner,[3017620402678],0
2504,2505,client86,scan0,scanner,[3570590109324],-2
2506,2507,client86,scan0,scanner,[3046920010856],0
2508,2509,client86,scan0,scanner,[3046920010856],0
2510,2511,client86,scan0,scanner,[7640164630021],-2
2512,2513,client86,scan0,scanner,[3570590109324],-2
2514,2515,client86,scan0,scanner,[3020120029030],0
2516,2517,client86,scan0,scanner,[3560070048786],0
2518,2519,client86,scan0,transmission,[caisse3],0
2520,2521,client86,scan0,abandon,[],?
2522,2523,client86,caisse3,ouvrirSession,[],0
2524,2525,client86,caisse3,ajouter,[3570590109324],0
2526,2527,client86,caisse3,ajouter,[7640164630021],0
2528,2529,client86,caisse3,ajouter,[3570590109324],0
2530,2531,client86,caisse3,fermerSession,[],0
2532,2533,client86,caisse3,payer,[253.30999999999997],0
2534,2535,client87,scan2,debloquer,[],0
2536,2537,client87,scan2,scanner,[3270190022534],0
2538,2539,client87,scan2,scanner,[3570590109324],-2
2540,2541,client87,scan2,scanner,[45496420598],0
2542,2543,client87,scan2,transmission,[caisse2],0
2544,2545,client87,scan2,abandon,[],?
2546,2547,client87,caisse2,ouvrirSession,[],0
2548,2549,client87,caisse2,ajouter,[3570590109324],0
2550,2551,client87,caisse2,fermerSession,[],0
2552,2553,client87,caisse2,payer,[70.5],7.45
2554,2555,client88,scan3,debloquer,[],0
2556,2557,client88,scan3,scanner,[3020120029030],0
2558,2559,client88,scan3,scanner,[8715700110622],0
2560,2561,client88,scan3,scanner,[3474377910724],0
2562,2563,client88,scan3,scanner,[8715700110622],0
2564,2565,client88,scan3,scanner,[3570590109324],-2
2566,2567,client88,scan3,transmission,[caisse1],0
2568,2569,client88,scan3,abandon,[],?
2570,2571,client88,caisse1,ouvrirSession,[],0
2572,2573,client88,caisse1,ajouter,[3570590109324],0
2574,2575,client88,caisse1,fermerSession,[],0
2576,2577,client88,caisse1,payer,[19.7],0
2578,2579,client89,scan3,debloquer,[],0
2580,2581,client89,scan3,scanner,[3017620402678],0
2582,2583,client89,scan3,scanner,[7640164630021],-2
2584,2585,client89,scan3,scanner,[3570590109324],-2
2586,2587,client89,scan3,scanner,[7640164630021],-2
2588,2589,client89,scan3,scanner,[3020120029030],0
2590,2591,client89,scan3,transmission,[caisse3],0
2592,2593,client89,scan3,abandon,[],?
2594,2595,client89,caisse3,ouvrirSession,[],0
2596,2597,client89,caisse3,ajouter,[7640164630021],0
2598,2599,client89,caisse3,ajouter,[3570590109324],0
2600,2601,client89,caisse3,ajouter,[7640164630021],0
2602,2603,client89,caisse3,fermerSession,[],0
2604,2605,client89,caisse3,payer,[470.84],0
2606,2607,client90,scan2,debloquer,[],0
2608,2609,client90,scan2,scanner,[3560070048786],0
2610,2611,client90,scan2,scanner,[8718309259938],0
2612,2613,client90,scan2,scanner,[7640164630021],-2
2614,2615,client90,scan2,scanner,[3570590109324],-2
2616,2617,client90,scan2,scanner,[8718309259938],0
2618,2619,client90,scan2,scanner,[8715700110622],0
2620,2621,client90,scan2,scanner,[3046920010856],0
2622,2623,client90,scan2,scanner,[3570590109324],-2
2624,2625,client90,scan2,transmission,[caisse0],0
2626,2627,client90,scan2,abandon,[],?
2628,2629,client90,caisse0,ouvrirSession,[],0
2630,2631,client90,caisse0,ajouter,[7640164630021],0
2632,2633,client90,caisse0,ajouter,[3570590109324],0
2634,2635,client90,caisse0,ajouter,[3570590109324],0
2636,2637,client90,caisse0,fermerSession,[],0
2638,2639,client90,caisse0,payer,[325.77],67.77
2640,2641,client91,scan3,debloquer,[],0
2642,2643,client91,scan3,scanner,[3245412567216],0
2644,2645,client91,scan3,scanner,[3520115810259],0
2646,2647,client91,scan3,transmission,[caisse3],0
2648,2649,client91,scan3,abandon,[],?
2650,2651,client91,caisse3,payer,[9.96],0
2652,2653,client92,scan2,debloquer,[],0
2654,2655,client92,scan2,scanner,[3560070048786],0
2656,2657,client92,scan2,scanner,[3245412567216],0
2658,2659,client92,scan2,transmission,[caisse3],0
2660,2661,client92,scan2,abandon,[],?
2662,2663,client92,caisse3,payer,[2.34],0
2664,2665,client93,scan3,debloquer,[],0
2666,2667,client93,scan3,scanner,[8718309259938],0
2668,2669,client93,scan3,scanner,[3020120029030],0
2670,2671,client93,scan3,scanner,[3560070139675],0
2672,2673,client93,scan3,scanner,[3560070139675],0
2674,2675,client93,scan3,transmission,[caisse3],0
2676,2677,client93,scan3,abandon,[],?
2678,2679,client93,caisse3,payer,[62.42],52.19
2680,2681,client94,scan2,debloquer,[],0
2682,2683,client94,scan2,scanner,[3017620402678],0
2684,2685,client94,scan2,scanner,[45496420598],0
2686,2687,client94,scan2,scanner,[3020120029030],0
2688,2689,client94,scan2,scanner,[3245412567216],0
2690,2691,client94,scan2,scanner,[5410188006711],0
2692,2693,client94,scan2,transmission,[caisse1],0
2694,2695,client94,scan2,abandon,[],?
2696,2697,client94,caisse1,payer,[89.66],27.49
2698,2699,client95,scan3,debloquer,[],0
2700,2701,client95,scan3,scanner,[3046920010856],0
2702,2703,client95,scan3,scanner,[3020120029030],0
2704,2705,client95,scan3,scanner,[3560070976478],0
2706,2707,client95,scan3,scanner,[3560070048786],0
2708,2709,client95,scan3,transmission,[caisse2],0
2710,2711,client95,scan3,abandon,[],?
2712,2713,client95,caisse2,payer,[86.7],80.18
2714,2715,client96,scan1,debloquer,[],0
2716,2717,client96,scan1,scanner,[3520115810259],0
2718,2719,client96,scan1,scanner,[3560070976478],0
2720,2721,client96,scan1,transmission,[caisse3],0
2722,2723,client96,scan1,abandon,[],?
2724,2725,client96,caisse3,payer,[10.43],0
2726,2727,client97,scan0,debloquer,[],0
2728,2729,client97,scan0,scanner,[3017800238592],0
2730,2731,client97,scan0,scanner,[3560070139675],0
2732,2733,client97,scan0,scanner,[3017620402678],0
2734,2735,client97,scan0,scanner,[3560070976478],0
2736,2737,client97,scan0,transmission,[caisse0],0
2738,2739,client97,scan0,abandon,[],?
2740,2741,client97,caisse0,payer,[29.93],21.99
2742,2743,client98,scan0,debloquer,[],0
2744,2745,client98,scan0,scanner,[3560070139675],0
2746,2747,client98,scan0,scanner,[5410188006711],0
2748,2749,client98,scan0,scanner,[7640164630021],-2
2750,2751,client98,scan0,supprimer,[3560070139675],0
2752,2753,client98,scan0,transmission,[caisse0],1
2754,2755,client98,scan0,scanner,[5410188006711],0
2756,2757,client98,scan0,transmission,[caisse0],0
2758,2759,client98,scan0,abandon,[],?
2760,2761,client98,caisse0,ouvrirSession,[],0
2762,2763,client98,caisse0,ajouter,[7640164630021],0
2764,2765,client98,caisse0,fermerSession,[],0
2766,2767,client98,caisse0,payer,[232.05],0
2768,2769,client99,scan1,debloquer,[],0
2770,2771,client99,scan1,scanner,[3520115810259],0
2772,2773,client99,scan1,scanner,[45496420598],0
2774,2775,client99,scan1,scanner,[3560070048786],0
2776,2777,client99,scan1,supprimer,[3560070048786],0
2778,2779,client99,scan1,supprimer,[45496420598],0
2780,2781,client99,scan1,scanner,[3570590109324],-2
2782,2783,client99,scan1,scanner,[3474377910724],0
2784,2785,client99,scan1,scanner,[8718309259938],0
2786,2787,client99,scan1,scanner,[7640164630021],-2
2788,2789,client99,scan1,scanner,[3245412567216],0
2790,2791,client99,scan1,supprimer,[3520115810259],0
2792,2793,client99,scan1,transmission,[caisse2],1
2794,2795,client99,scan1,scanner,[3474377910724],0
2796,2797,client99,scan1,scanner,[8718309259938],0
2798,2799,client99,scan1,scanner,[3245412567216],0
2800,2801,client99,scan1,transmission,[caisse2],0
2802,2803,client99,scan1,abandon,[],?
2804,2805,client99,caisse2,ouvrirSession,[],0
2806,2807,client99,caisse2,ajouter,[3570590109324],0
2808,2809,client99,caisse2,ajouter,[7640164630021],0
2810,2811,client99,caisse2,fermerSession,[],0
2812,2813,client99,caisse2,payer,[252.10000000000002],0
2814,2815,client100,scan3,debloquer,[],0
2816,2817,client100,scan3,scanner,[8718309259938],0
2818,2819,client100,scan3,scanner,[3245412567216],0
2820,2821,client100,scan3,scanner,[3570590109324],-2
2822,2823,client100,scan3,supprimer,[8718309259938],0
2824,2825,client100,scan3,scanner,[3017800238592],0
2826,2827,client100,scan3,scanner,[5410188006711],0
2828,2829,client100,scan3,supprimer,[5410188006711],0
2830,2831,client100,scan3,scanner,[3017800238592],0
2832,2833,client100,scan3,transmission,[caisse0],1
2834,2835,client100,scan3,scanner,[3245412567216],0
2836,2837,client100,scan3,scanner,[3017800238592],0
2838,2839,client100,scan3,scanner,[3017800238592],0
2840,2841,client100,scan3,transmission,[caisse0],0
2842,2843,client100,scan3,abandon,[],?
2844,2845,client100,caisse0,ouvrirSession,[],0
2846,2847,client100,caisse0,ajouter,[3570590109324],0
2848,2849,client100,caisse0,fermerSession,[],0
2850,2851,client100,caisse0,payer,[13.350000000000001],0
2852,2853,client101,scan1,debloquer,[],0
2854,2855,client101,scan1,scanner,[3017800238592],0
2856,2857,client101,scan1,scanner,[7640164630021],-2
2858,2859,client101,scan1,scanner,[3570590109324],-2
2860,2861,client101,scan1,supprimer,[3017800238592],0
2862,2863,client101,scan1,scanner,[3560071097424],0
2864,2865,client101,scan1,transmission,[caisse1],1
2866,2867,client101,scan1,scanner,[3560071097424],0
2868,2869,client101,scan1,transmission,[caisse1],0
2870,2871,client101,scan1,abandon,[],?
2872,2873,client101,caisse1,ouvrirSession,[],0
2874,2875,client101,caisse1,ajouter,[7640164630021],0
2876,2877,client101,caisse1,ajouter,[3570590109324],0
2878,2879,client101,caisse1,fermerSession,[],0
2880,2881,client101,caisse1,payer,[315.24],75.46
2882,2883,client102,scan3,debloquer,[],0
2884,2885,client102,scan3,scanner,[7640164630021],-2
2886,2887,client102,scan3,scanner,[3474377910724],0
2888,2889,client102,scan3,scanner,[3474377910724],0
2890,2891,client102,scan3,scanner,[7640164630021],-2
2892,2893,client102,scan3,scanner,[45496420598],0
2894,2895,client102,scan3,supprimer,[45496420598],0
2896,2897,client102,scan3,scanner,[3570590109324],-2
2898,2899,client102,scan3,supprimer,[3474377910724],0
2900,2901,client102,scan3,transmission,[caisse3],1
2902,2903,client102,scan3,scanner,[3474377910724],0
2904,2905,client102,scan3,transmission,[caisse3],0
2906,2907,client102,scan3,abandon,[],?
2908,2909,client102,caisse3,ouvrirSession,[],0
2910,2911,client102,caisse3,ajouter,[7640164630021],0
2912,2913,client102,caisse3,ajouter,[7640164630021],0
2914,2915,client102,caisse3,ajouter,[3570590109324],0
2916,2917,client102,caisse3,fermerSession,[],0
2918,2919,client102,caisse3,payer,[475.88],0
2920,2921,client103,scan1,debloquer,[],0
2922,2923,client103,scan1,scanner,[8718309259938],0
2924,2925,client103,scan1,scanner,[7640164630021],-2
2926,2927,client103,scan1,supprimer,[8718309259938],0
2928,2929,client103,scan1,scanner,[3270190022534],0
2930,2931,client103,scan1,scanner,[3570590109324],-2
2932,2933,client103,scan1,scanner,[7640164630021],-2
2934,2935,client103,scan1,transmission,[caisse0],1
2936,2937,client103,scan1,scanner,[3270190022534],0
2938,2939,client103,scan1,transmission,[caisse0],0
2940,2941,client103,scan1,abandon,[],?
2942,2943,client103,caisse0,ouvrirSession,[],0
2944,2945,client103,caisse0,ajouter,[7640164630021],0
2946,2947,client103,caisse0,ajouter,[3570590109324],0
2948,2949,client103,caisse0,ajouter,[7640164630021],0
2950,2951,client103,caisse0,fermerSession,[],0
2952,2953,client103,caisse0,payer,[507.02],39.16
2954,2955,client104,scan2,debloquer,[],0
2956,2957,client104,scan2,scanner,[3520115810259],0
2958,2959,client104,scan2,scanner,[3570590109324],-2
2960,2961,client104,scan2,scanner,[3245412567216],0
2962,2963,client104,scan2,scanner,[3017800238592],0
2964,2965,client104,scan2,supprimer,[3017800238592],0
2966,2967,client104,scan2,scanner,[3020120029030],0
2968,2969,client104,scan2,supprimer,[3245412567216],0
2970,2971,client104,scan2,supprimer,[3520115810259],0
2972,2973,client104,scan2,transmission,[caisse1],1
2974,2975,client104,scan2,scanner,[3020120029030],0
2976,2977,client104,scan2,transmission,[caisse1],0
2978,2979,client104,scan2,abandon,[],?
2980,2981,client104,caisse1,ouvrirSession,[],0
2982,2983,client104,caisse1,ajouter,[3570590109324],0
2984,2985,client104,caisse1,fermerSession,[],0
2986,2987,client104,caisse1,payer,[24.35],15.17
2988,2989,client105,scan2,debloquer,[],0
2990,2991,client105,scan2,scanner,[3520115810259],0
2992,2993,client105,scan2,scanner,[3560071097424],0
2994,2995,client105,scan2,scanner,[3020120029030],0
2996,2997,client105,scan2,scanner,[8718309259938],0
2998,2999,client105,scan2,scanner,[8718309259938],0
3000,3001,client105,scan2,supprimer,[3520115810259],0
3002,3003,client105,scan2,supprimer,[3560071097424],0
3004,3005,client105,scan2,supprimer,[3020120029030],0
3006,3007,client105,scan2,supprimer,[8718309259938],0
3008,3009,client105,scan2,scanner,[3020120029030],0
3010,3011,client105,scan2,supprimer,[8718309259938],0
3012,3013,client105,scan2,transmission,[caisse2],1
3014,3015,client105,scan2,scanner,[3020120029030],0
3016,3017,client105,scan2,transmission,[caisse2],0
3018,3019,client105,scan2,abandon,[],?
3020,3021,client105,caisse2,payer,[68.25],66.55
3022,3023,client106,scan3,debloquer,[],0
3024,3025,client106,scan3,scanner,[3017800238592],0
3026,3027,client106,scan3,supprimer,[3017800238592],0
3028,3029,client106,scan3,scanner,[8718309259938],0
3030,3031,client106,scan3,transmission,[caisse0],1
3032,3033,client106,scan3,scanner,[8718309259938],0
3034,3035,client106,scan3,transmission,[caisse0],0
3036,3037,client106,scan3,abandon,[],?
3038,3039,client106,caisse0,payer,[4.65],0
3040,3041,client107,scan2,debloquer,[],0
3042,3043,client107,scan2,scanner,[3270190022534],0
3044,3045,client107,scan2,scanner,[3474377910724],0
3046,3047,client107,scan2,scanner,[8718309259938],0
3048,3049,client107,scan2,scanner,[3520115810259],0
3050,3051,client107,scan2,supprimer,[8718309259938],0
3052,3053,client107,scan2,supprimer,[3520115810259],0
3054,3055,client107,scan2,scanner,[3474377910724],0
3056,3057,client107,scan2,supprimer,[3270190022534],0
3058,3059,client107,scan2,supprimer,[3474377910724],0
3060,3061,client107,scan2,scanner,[3046920010856],0
3062,3063,client107,scan2,transmission,[caisse1],1
3064,3065,client107,scan2,scanner,[3474377910724],0
3066,3067,client107,scan2,scanner,[3046920010856],0
3068,3069,client107,scan2,transmission,[caisse1],0
3070,3071,client107,scan2,abandon,[],?
3072,3073,client107,caisse1,payer,[10.610000000000003],0
3074,3075,client108,scan1,debloquer,[],0
3076,3077,client108,scan1,scanner,[3017800238592],0
3078,3079,client108,scan1,scanner,[3560070139675],0
3080,3081,client108,scan1,scanner,[3046920010856],0
3082,3083,client108,scan1,scanner,[3245412567216],0
3084,3085,client108,scan1,supprimer,[3245412567216],0
3086,3087,client108,scan1,supprimer,[3560070139675],0
3088,3089,client108,scan1,supprimer,[3017800238592],0
3090,3091,client108,scan1,scanner,[45496420598],0
3092,3093,client108,scan1,transmission,[caisse2],1
3094,3095,client108,scan1,scanner,[3046920010856],0
3096,3097,client108,scan1,scanner,[45496420598],0
3098,3099,client108,scan1,transmission,[caisse2],0
3100,3101,client108,scan1,abandon,[],?
3102,3103,client108,caisse2,payer,[134.1],77.1
3104,3105,client109,scan0,debloquer,[],0
3106,3107,client109,scan0,scanner,[3474377910724],0
3108,3109,client109,scan0,scanner,[5410188006711],0
3110,3111,client109,scan0,scanner,[8718309259938],0
3112,3113,client109,scan0,scanner,[3020120029030],0
3114,3115,client109,scan0,scanner,[3560071097424],0
3116,3117,client109,scan0,supprimer,[3560071097424],0
3118,3119,client109,scan0,supprimer,[3474377910724],0
3120,3121,client109,scan0,supprimer,[3020120029030],0
3122,3123,client109,scan0,supprimer,[8718309259938],0
3124,3125,client109,scan0,scanner,[3520115810259],0
3126,3127,client109,scan0,transmission,[caisse3],1
3128,3129,client109,scan0,scanner,[5410188006711],0
3130,3131,client109,scan0,scanner,[3520115810259],0
3132,3133,client109,scan0,transmission,[caisse3],0
3134,3135,client109,scan0,abandon,[],?
3136,3137,client109,caisse3,payer,[33.09],22.45
3138,3139,client110,scan0,debloquer,[],0
3140,3141,client110,scan0,scanner,[3020120029030],0
3142,3143,client110,scan0,scanner,[3474377910724],0
3144,3145,client110,scan0,scanner,[3560070048786],0
3146,3147,client110,scan0,scanner,[3020120029030],0
3148,3149,client110,scan0,supprimer,[3020120029030],0
3150,3151,client110,scan0,scanner,[45496420598],0
3152,3153,client110,scan0,supprimer,[45496420598],0
3154,3155,client110,scan0,supprimer,[3474377910724],0
3156,3157,client110,scan0,transmission,[caisse2],1
3158,3159,client110,scan0,scanner,[3560070048786],0
3160,3161,client110,scan0,scanner,[3020120029030],0
3162,3163,client110,scan0,transmission,[caisse2],0
3164,3165,client110,scan0,abandon,[],?
3166,3167,client110,caisse2,payer,[2.569999999999995],0
3168,3169,client111,scan1,debloquer,[],0
3170,3171,client111,scan1,scanner,[3560070048786],0
3172,3173,client111,scan1,supprimer,[3560070048786],0
3174,3175,client111,scan1,scanner,[3017800238592],0
3176,3177,client111,scan1,scanner,[3270190022534],0
3178,3179,client111,scan1,transmission,[caisse1],1
3180,3181,client111,scan1,scanner,[3017800238592],0
3182,3183,client111,scan1,scanner,[3270190022534],0
3184,3185,client111,scan1,transmission,[caisse1],0
3186,3187,client111,scan1,abandon,[],?
3188,3189,client111,caisse1,payer,[61.14],58.36
3190,3191,client112,scan3,debloquer,[],0
3192,3193,client112,scan3,scanner,[3474377910724],0
3194,3195,client112,scan3,scanner,[3017620402678],0
3196,3197,client112,scan3,scanner,[3474377910724],0
3198,3199,client112,scan3,scanner,[7640164630021],-2
3200,3201,client112,scan3,scanner,[3017620402678],0
3202,3203,client112,scan3,supprimer,[7640164630021],-2
3204,3205,client112,scan3,transmission,[caisse3],0
3206,3207,client112,scan3,abandon,[],?
3208,3209,client112,caisse3,ouvrirSession,[],0
3210,3211,client112,caisse3,ajouter,[7640164630021],0
3212,3213,client112,caisse3,supprimer,[7640164630021],0
3214,3215,client112,caisse3,fermerSession,[],0
3216,3217,client112,caisse3,payer,[20.920000000000016],0
3218,3219,client113,scan1,debloquer,[],0
3220,3221,client113,scan1,scanner,[3245412567216],0
3222,3223,client113,scan1,scanner,[3560070048786],0
3224,3225,client113,scan1,scanner,[3570590109324],-2
3226,3227,client113,scan1,scanner,[3245412567216],0
3228,3229,client113,scan1,scanner,[3017800238592],0
3230,3231,client113,scan1,scanner,[7640164630021],-2
3232,3233,client113,scan1,supprimer,[3570590109324],-2
3234,3235,client113,scan1,supprimer,[7640164630021],-2
3236,3237,client113,scan1,transmission,[caisse1],0
3238,3239,client113,scan1,abandon,[],?
3240,3241,client113,caisse1,ouvrirSession,[],0
3242,3243,client113,caisse1,ajouter,[3570590109324],0
3244,3245,client113,caisse1,ajouter,[7640164630021],0
3246,3247,client113,caisse1,supprimer,[7640164630021],0
3248,3249,client113,caisse1,supprimer,[3570590109324],0
3250,3251,client113,caisse1,fermerSession,[],0
3252,3253,client113,caisse1,payer,[74.63000000000001],68.62
3254,3255,client114,scan3,debloquer,[],0
3256,3257,client114,scan3,scanner,[3474377910724],0
3258,3259,client114,scan3,scanner,[3017800238592],0
3260,3261,client114,scan3,scanner,[3245412567216],0
3262,3263,client114,scan3,scanner,[7640164630021],-2
3264,3265,client114,scan3,scanner,[3560071097424],0
3266,3267,client114,scan3,scanner,[5410188006711],0
3268,3269,client114,scan3,scanner,[3570590109324],-2
3270,3271,client114,scan3,supprimer,[7640164630021],-2
3272,3273,client114,scan3,scanner,[7640164630021],-2
3274,3275,client114,scan3,supprimer,[3570590109324],-2
3276,3277,client114,scan3,transmission,[caisse1],0
3278,3279,client114,scan3,abandon,[],?
3280,3281,client114,caisse1,ouvrirSession,[],0
3282,3283,client114,caisse1,ajouter,[7640164630021],0
3284,3285,client114,caisse1,ajouter,[3570590109324],0
3286,3287,client114,caisse1,ajouter,[7640164630021],0
3288,3289,client114,caisse1,supprimer,[3570590109324],0
3290,3291,client114,caisse1,supprimer,[7640164630021],0
3292,3293,client114,caisse1,fermerSession,[],0
3294,3295,client114,caisse1,payer,[314.4],67.68
3296,3297,client115,scan1,debloquer,[],0
3298,3299,client115,scan1,scanner,[7640164630021],-2
3300,3301,client115,scan1,scanner,[3245412567216],0
3302,3303,client115,scan1,supprimer,[7640164630021],-2
3304,3305,client115,scan1,scanner,[3560070048786],0
3306,3307,client115,scan1,scanner,[3474377910724],0
3308,3309,client115,scan1,scanner,[3474377910724],0
3310,3311,client115,scan1,scanner,[3560070139675],0
3312,3313,client115,scan1,scanner,[3245412567216],0
3314,3315,client115,scan1,transmission,[caisse1],0
3316,3317,client115,scan1,abandon,[],?
3318,3319,client115,caisse1,ouvrirSession,[],0
3320,3321,client115,caisse1,ajouter,[7640164630021],0
3322,3323,client115,caisse1,supprimer,[7640164630021],0
3324,3325,client115,caisse1,fermerSession,[],0
3326,3327,client115,caisse1,payer,[22.94999999999999],0
3328,3329,client116,scan3,debloquer,[],0
3330,3331,client116,scan3,scanner,[8715700110622],0
3332,3333,client116,scan3,scanner,[3474377910724],0
3334,3335,client116,scan3,scanner,[3560070976478],0
3336,3337,client116,scan3,scanner,[3570590109324],-2
3338,3339,client116,scan3,supprimer,[3570590109324],-2
3340,3341,client116,scan3,scanner,[3570590109324],-2
3342,3343,client116,scan3,scanner,[7640164630021],-2
3344,3345,client116,scan3,transmission,[caisse2],0
3346,3347,client116,scan3,abandon,[],?
3348,3349,client116,caisse2,ouvrirSession,[],0
3350,3351,client116,caisse2,ajouter,[3570590109324],0
3352,3353,client116,caisse2,ajouter,[3570590109324],0
3354,3355,client116,caisse2,ajouter,[7640164630021],0
3356,3357,client116,caisse2,supprimer,[3570590109324],0
3358,3359,client116,caisse2,fermerSession,[],0
3360,3361,client116,caisse2,payer,[294.66],45.78
3362,3363,client117,scan1,debloquer,[],0
3364,3365,client117,scan1,scanner,[5410188006711],0
3366,3367,client117,scan1,scanner,[3270190022534],0
3368,3369,client117,scan1,scanner,[7640164630021],-2
3370,3371,client117,scan1,scanner,[3560070976478],0
3372,3373,client117,scan1,scanner,[7640164630021],-2
3374,3375,client117,scan1,supprimer,[7640164630021],-2
3376,3377,client117,scan1,transmission,[caisse3],0
3378,3379,client117,scan1,abandon,[],?
3380,3381,client117,caisse3,ouvrirSession,[],0
3382,3383,client117,caisse3,ajouter,[7640164630021],0
3384,3385,client117,caisse3,ajouter,[7640164630021],0
3386,3387,client117,caisse3,supprimer,[7640164630021],0
3388,3389,client117,caisse3,fermerSession,[],0
3390,3391,client117,caisse3,payer,[247.16000000000003],12.59
3392,3393,client118,scan2,debloquer,[],0
3394,3395,client118,scan2,scanner,[3017800238592],0
3396,3397,client118,scan2,scanner,[7640164630021],-2
3398,3399,client118,scan2,scanner,[8718309259938],0
3400,3401,client118,scan2,scanner,[3570590109324],-2
3402,3403,client118,scan2,scanner,[8718309259938],0
3404,3405,client118,scan2,supprimer,[7640164630021],-2
3406,3407,client118,scan2,scanner,[3046920010856],0
3408,3409,client118,scan2,supprimer,[3570590109324],-2
3410,3411,client118,scan2,scanner,[3570590109324],-2
3412,3413,client118,scan2,scanner,[5410188006711],0
3414,3415,client118,scan2,transmission,[caisse2],0
3416,3417,client118,scan2,abandon,[],?
3418,3419,client118,caisse2,ouvrirSession,[],0
3420,3421,client118,caisse2,ajouter,[7640164630021],0
3422,3423,client118,caisse2,ajouter,[3570590109324],0
3424,3425,client118,caisse2,ajouter,[3570590109324],0
3426,3427,client118,caisse2,supprimer,[7640164630021],0
3428,3429,client118,caisse2,supprimer,[3570590109324],0
3430,3431,client118,caisse2,fermerSession,[],0
3432,3433,client118,caisse2,payer,[23.139999999999976],0
3434,3435,client119,scan3,debloquer,[],0
3436,3437,client119,scan3,scanner,[3245412567216],0
3438,3439,client119,scan3,scanner,[3245412567216],0
3440,3441,client119,scan3,scanner,[3020120029030],0
3442,3443,client119,scan3,scanner,[3017800238592],0
3444,3445,client119,scan3,scanner,[3245412567216],0
3446,3447,client119,scan3,transmission,[caisse1],0
3448,3449,client119,scan3,abandon,[],?
3450,3451,client119,caisse1,payer,[34.45],26.14
3452,3453,client120,scan3,debloquer,[],0
3454,3455,client120,scan3,scanner,[45496420598],0
3456,3457,client120,scan3,scanner,[8715700110622],0
3458,3459,client120,scan3,scanner,[3270190022534],0
3460,3461,client120,scan3,transmission,[caisse2],0
3462,3463,client120,scan3,abandon,[],?
3464,3465,client120,caisse2,payer,[56.53],0
3466,3467,client121,scan2,debloquer,[],0
3468,3469,client121,scan2,scanner,[8718309259938],0
3470,3471,client121,scan2,scanner,[8718309259938],0
3472,3473,client121,scan2,scanner,[8718309259938],0
3474,3475,client121,scan2,transmission,[caisse2],0
3476,3477,client121,scan2,abandon,[],?
3478,3479,client121,caisse2,payer,[13.950000000000001],0
3480,3481,client122,scan3,debloquer,[],0
3482,3483,client122,scan3,scanner,[3474377910724],0
3484,3485,client122,scan3,scanner,[3245412567216],0
3486,3487,client122,scan3,transmission,[caisse3],0
3488,3489,client122,scan3,abandon,[],?
3490,3491,client122,caisse3,payer,[109.69999999999999],99.63
3492,3493,client123,scan0,debloquer,[],0
3494,3495,client123,scan0,scanner,[3560070048786],0
3496,3497,client123,scan0,scanner,[3017800238592],0
3498,3499,client123,scan0,scanner,[3017800238592],0
3500,3501,client123,scan0,transmission,[caisse2],0
3502,3503,client123,scan0,abandon,[],?
3504,3505,client123,caisse2,payer,[5.2700000000000005],0
3506,3507,client124,scan3,debloquer,[],0
3508,3509,client124,scan3,scanner,[3560071097424],0
3510,3511,client124,scan3,scanner,[8715700110622],0
3512,3513,client124,scan3,transmission,[caisse3],0
3514,3515,client124,scan3,abandon,[],?
3516,3517,client124,caisse3,payer,[3.36],0
3518,3519,client125,scan3,debloquer,[],0
3520,3521,client125,scan3,scanner,[3046920010856],0
3522,3523,client125,scan3,scanner,[3474377910724],0
3524,3525,client125,scan3,scanner,[8715700110622],0
3526,3527,client125,scan3,scanner,[3560070976478],0
3528,3529,client125,scan3,scanner,[8718309259938],0
3530,3531,client125,scan3,scanner,[3560071097424],0
3532,3533,client125,scan3,transmission,[caisse3],0
3534,3535,client125,scan3,abandon,[],?
3536,3537,client125,caisse3,payer,[118.60000000000001],98.04
3538,3539,client126,scan0,debloquer,[],0
3540,3541,client126,scan0,scanner,[3017620402678],0
3542,3543,client126,scan0,scanner,[3570590109324],-2
3544,3545,client126,scan0,scanner,[3270190022534],0
3546,3547,client126,scan0,scanner,[5410188006711],0
3548,3549,client126,scan0,scanner,[3270190022534],0
3550,3551,client126,scan0,supprimer,[3570590109324],-2
3552,3553,client126,scan0,scanner,[8715700110622],0
3554,3555,client126,scan0,transmission,[caisse0],1
3556,3557,client126,scan0,scanner,[3017620402678],0
3558,3559,client126,scan0,scanner,[3270190022534],0
3560,3561,client126,scan0,scanner,[5410188006711],0
3562,3563,client126,scan0,scanner,[3270190022534],0
3564,3565,client126,scan0,scanner,[8715700110622],0
3566,3567,client126,scan0,transmission,[caisse0],0
3568,3569,client126,scan0,abandon,[],?
3570,3571,client126,caisse0,ouvrirSession,[],0
3572,3573,client126,caisse0,ajouter,[3570590109324],0
3574,3575,client126,caisse0,supprimer,[3570590109324],0
3576,3577,client126,caisse0,fermerSession,[],0
3578,3579,client126,caisse0,payer,[21.86],15.73
3580,3581,client127,scan3,debloquer,[],0
3582,3583,client127,scan3,scanner,[3520115810259],0
3584,3585,client127,scan3,scanner,[8718309259938],0
3586,3587,client127,scan3,scanner,[7640164630021],-2
3588,3589,client127,scan3,scanner,[3270190022534],0
3590,3591,client127,scan3,scanner,[7640164630021],-2
3592,3593,client127,scan3,scanner,[8718309259938],0
3594,3595,client127,scan3,supprimer,[7640164630021],-2
3596,3597,client127,scan3,supprimer,[7640164630021],-2
3598,3599,client127,scan3,transmission,[caisse3],1
3600,3601,client127,scan3,scanner,[3520115810259],0
3602,3603,client127,scan3,scanner,[8718309259938],0
3604,3605,client127,scan3,scanner,[3270190022534],0
3606,3607,client127,scan3,scanner,[8718309259938],0
3608,3609,client127,scan3,transmission,[caisse3],0
3610,3611,client127,scan3,abandon,[],?
3612,3613,client127,caisse3,ouvrirSession,[],0
3614,3615,client127,caisse3,ajouter,[7640164630021],0
3616,3617,client127,caisse3,ajouter,[7640164630021],0
3618,3619,client127,caisse3,supprimer,[7640164630021],0
3620,3621,client127,caisse3,supprimer,[7640164630021],0
3622,3623,client127,caisse3,fermerSession,[],0
3624,3625,client127,caisse3,payer,[26.980000000000004],8.61
3626,3627,client128,scan1,debloquer,[],0
3628,3629,client128,scan1,scanner,[3245412567216],0
3630,3631,client128,scan1,scanner,[5410188006711],0
3632,3633,client128,scan1,scanner,[3570590109324],-2
3634,3635,client128,scan1,scanner,[7640164630021],-2
3636,3637,client128,scan1,supprimer,[3570590109324],-2
3638,3639,client128,scan1,transmission,[caisse2],1
3640,3641,client128,scan1,scanner,[3245412567216],0
3642,3643,client128,scan1,scanner,[5410188006711],0
3644,3645,client128,scan1,transmission,[caisse2],0
3646,3647,client128,scan1,abandon,[],?
3648,3649,client128,caisse2,ouvrirSession,[],0
3650,3651,client128,caisse2,ajouter,[3570590109324],0
3652,3653,client128,caisse2,ajouter,[7640164630021],0
3654,3655,client128,caisse2,supprimer,[3570590109324],0
3656,3657,client128,caisse2,fermerSession,[],0
3658,3659,client128,caisse2,payer,[279.25],45.73
3660,3661,client129,scan1,debloquer,[],0
3662,3663,client129,scan1,scanner,[5410188006711],0
3664,3665,client129,scan1,scanner,[3020120029030],0
3666,3667,client129,scan1,scanner,[3245412567216],0
3668,3669,client129,scan1,scanner,[3560070976478],0
3670,3671,client129,scan1,scanner,[3570590109324],-2
3672,3673,client129,scan1,scanner,[7640164630021],-2
3674,3675,client129,scan1,supprimer,[3570590109324],-2
3676,3677,client129,scan1,supprimer,[7640164630021],-2
3678,3679,client129,scan1,transmission,[caisse2],1
3680,3681,client129,scan1,scanner,[5410188006711],0
3682,3683,client129,scan1,scanner,[3020120029030],0
3684,3685,client129,scan1,scanner,[3245412567216],0
3686,3687,client129,scan1,scanner,[3560070976478],0
3688,3689,client129,scan1,transmission,[caisse2],0
3690,3691,client129,scan1,abandon,[],?
3692,3693,client129,caisse2,ouvrirSession,[],0
3694,3695,client129,caisse2,ajouter,[3570590109324],0
3696,3697,client129,caisse2,ajouter,[7640164630021],0
3698,3699,client129,caisse2,supprimer,[3570590109324],0
3700,3701,client129,caisse2,supprimer,[7640164630021],0
3702,3703,client129,caisse2,fermerSession,[],0
3704,3705,client129,caisse2,payer,[7.260000000000019],0
3706,3707,client130,scan3,debloquer,[],0
3708,3709,client130,scan3,scanner,[3570590109324],-2
3710,3711,client130,scan3,scanner,[3560071097424],0
3712,3713,client130,scan3,scanner,[3046920010856],0
3714,3715,client130,scan3,supprimer,[3570590109324],-2
3716,3717,client130,scan3,scanner,[7640164630021],-2
3718,3719,client130,scan3,scanner,[7640164630021],-2
3720,3721,client130,scan3,scanner,[8718309259938],0
3722,3723,client130,scan3,scanner,[3560070976478],0
3724,3725,client130,scan3,transmission,[caisse2],1
3726,3727,client130,scan3,scanner,[3560071097424],0
3728,3729,client130,scan3,scanner,[3046920010856],0
3730,3731,client130,scan3,scanner,[8718309259938],0
3732,3733,client130,scan3,scanner,[3560070976478],0
3734,3735,client130,scan3,transmission,[caisse2],0
3736,3737,client130,scan3,abandon,[],?
3738,3739,client130,caisse2,ouvrirSession,[],0
3740,3741,client130,caisse2,ajouter,[3570590109324],0
3742,3743,client130,caisse2,ajouter,[7640164630021],0
3744,3745,client130,caisse2,ajouter,[7640164630021],0
3746,3747,client130,caisse2,supprimer,[3570590109324],0
3748,3749,client130,caisse2,fermerSession,[],0
3750,3751,client130,caisse2,payer,[549.02],78.22
3752,3753,client131,scan0,debloquer,[],0
3754,3755,client131,scan0,scanner,[3017800238592],0
3756,3757,client131,scan0,scanner,[3046920010856],0
3758,3759,client131,scan0,scanner,[3570590109324],-2
3760,3761,client131,scan0,scanner,[3570590109324],-2
3762,3763,client131,scan0,supprimer,[3570590109324],-2
3764,3765,client131,scan0,supprimer,[3570590109324],-2
3766,3767,client131,scan0,transmission,[caisse3],1
3768,3769,client131,scan0,scanner,[3017800238592],0
3770,3771,client131,scan0,scanner,[3046920010856],0
3772,3773,client131,scan0,transmission,[caisse3],0
3774,3775,client131,scan0,abandon,[],?
3776,3777,client131,caisse3,ouvrirSession,[],0
3778,3779,client131,caisse3,ajouter,[3570590109324],0
3780,3781,client131,caisse3,ajouter,[3570590109324],0
3782,3783,client131,caisse3,supprimer,[3570590109324],0
3784,3785,client131,caisse3,supprimer,[3570590109324],0
3786,3787,client131,caisse3,fermerSession,[],0
3788,3789,client131,caisse3,payer,[46.43],42.22
3790,3791,client132,scan1,debloquer,[],0
3792,3793,client132,scan1,scanner,[3046920010856],0
3794,3795,client132,scan1,scanner,[5410188006711],0
3796,3797,client132,scan1,scanner,[3245412567216],0
3798,3799,client132,scan1,scanner,[3046920010856],0
3800,3801,client132,scan1,scanner,[3570590109324],-2
3802,3803,client132,scan1,supprimer,[3570590109324],-2
3804,3805,client132,scan1,transmission,[caisse1],1
3806,3807,client132,scan1,scanner,[3046920010856],0
3808,3809,client132,scan1,scanner,[5410188006711],0
3810,3811,client132,scan1,scanner,[3245412567216],0
3812,3813,client132,scan1,scanner,[3046920010856],0
3814,3815,client132,scan1,transmission,[caisse1],0
3816,3817,client132,scan1,abandon,[],?
3818,3819,client132,caisse1,ouvrirSession,[],0
3820,3821,client132,caisse1,ajouter,[3570590109324],0
3822,3823,client132,caisse1,supprimer,[3570590109324],0
3824,3825,client132,caisse1,fermerSession,[],0
3826,3827,client132,caisse1,payer,[7.640000000000001],0
