34,35,client0,scan3,debloquer,[],0
36,37,client0,scan3,scanner,[8718309259938],0
38,39,client0,scan3,scanner,[7640164630021],-2
40,41,client0,scan3,scanner,[7640164630021],-2
42,43,client0,scan3,scanner,[3570590109324],-2
44,45,client0,scan3,scanner,[3570590109324],-2
46,47,client0,scan3,scanner,[3020120029030],0
48,49,client0,scan3,supprimer,[7640164630021],-2
50,51,client0,scan3,scanner,[3570590109324],-2
52,53,client0,scan3,scanner,[3245412567216],0
54,55,client0,scan3,scanner,[3245412567216],0
56,57,client0,scan3,scanner,[3560070048786],0
58,59,client0,scan3,transmission,[caisse2],1
60,61,client0,scan3,scanner,[8718309259938],0
62,63,client0,scan3,scanner,[3020120029030],0
64,65,client0,scan3,scanner,[3245412567216],0
66,67,client0,scan3,scanner,[3245412567216],0
68,69,client0,scan3,transmission,[caisse2],0
70,71,client0,scan3,abandon,[],?
72,73,client0,caisse2,ouvrirSession,[],0
96,97,client1,scan3,debloquer,[],0
98,99,client1,scan3,scanner,[3017620402678],0
100,101,client1,scan3,scanner,[3560070139675],0
102,103,client1,scan3,scanner,[3560070048786],0
104,105,client1,scan3,scanner,[3474377910724],0
106,107,client1,scan3,scanner,[45496420598],0
108,109,client1,scan3,scanner,[3560071097424],0
110,111,client1,scan3,scanner,[8715700110622],0
112,113,client1,scan3,scanner,[8715700110622],0
114,115,client1,scan3,scanner,[8715700110622],0
116,117,client1,scan3,transmission,[caisse0],1
118,119,client1,scan3,scanner,[3017620402678],0
120,121,client1,scan3,scanner,[3560070139675],0
122,123,client1,scan3,scanner,[3560070048786],0
124,125,client1,scan3,scanner,[3474377910724],0
126,127,client1,scan3,scanner,[45496420598],0
128,129,client1,scan3,scanner,[3560071097424],0
130,131,client1,scan3,scanner,[8715700110622],0
132,133,client1,scan3,scanner,[8715700110622],0
134,135,client1,scan3,scanner,[8715700110622],0
475,476,client2,scan3,debloquer,[],0
477,478,client2,scan3,scanner,[3046920010856],0
479,480,client2,scan3,scanner,[45496420598],0
481,482,client2,scan3,scanner,[3560070139675],0
483,484,client2,scan3,scanner,[3560071097424],0
485,486,client2,scan3,scanner,[7640164630021],-2
487,488,client2,scan3,scanner,[3570590109324],-2
489,490,client2,scan3,supprimer,[3560071097424],0
491,492,client2,scan3,scanner,[7640164630021],-2
493,494,client2,scan3,supprimer,[3046920010856],0
495,496,client2,scan3,supprimer,[3560070139675],0
497,498,client2,scan3,supprimer,[45496420598],0
499,500,client2,scan3,scanner,[3570590109324],-2
501,502,client2,scan3,transmission,[caisse1],0
503,504,client2,scan3,abandon,[],?
505,506,client2,caisse1,ouvrirSession,[],0
507,508,client2,caisse1,ajouter,[7640164630021],0
509,510,client2,caisse1,ajouter,[3570590109324],0
511,512,client2,caisse1,fermerSession,[],0
513,514,client2,caisse1,payer,[546.03],71.27
515,516,client3,scan0,debloquer,[],0
517,518,client3,scan0,scanner,[45496420598],0
519,520,client3,scan0,scanner,[3560070139675],0
521,522,client3,scan0,scanner,[3270190022534],0
523,524,client3,scan0,scanner,[8718309259938],0
525,526,client3,scan0,scanner,[3017800238592],0
527,528,client3,scan0,scanner,[3270190022534],0
529,530,client3,scan0,scanner,[8715700110622],0
531,532,client3,scan0,scanner,[3270190022534],0
533,534,client3,scan0,scanner,[8718309259938],0
535,536,client3,scan0,scanner,[3560070976478],0
537,538,client3,scan0,scanner,[3017620402678],0
539,540,client3,scan0,transmission,[caisse1],1
541,542,client3,scan0,scanner,[45496420598],0
543,544,client3,scan0,scanner,[3560070139675],0
545,546,client3,scan0,scanner,[3270190022534],0
547,548,client3,scan0,scanner,[8718309259938],0
549,550,client3,scan0,scanner,[3017800238592],0
551,552,client3,scan0,scanner,[3270190022534],0
553,554,client3,scan0,scanner,[8715700110622],0
555,556,client4,scan3,debloquer,[],0
557,558,client4,scan3,scanner,[3020120029030],0
559,560,client4,scan3,scanner,[3046920010856],0
561,562,client4,scan3,scanner,[7640164630021],-2
563,564,client4,scan3,scanner,[3560070048786],0
565,566,client4,scan3,scanner,[3017620402678],0
567,568,client4,scan3,scanner,[3245412567216],0
569,570,client4,scan3,scanner,[3560070976478],0
571,572,client4,scan3,supprimer,[3020120029030],0
573,574,client4,scan3,supprimer,[3017620402678],0
575,576,client4,scan3,supprimer,[3046920010856],0
577,578,client4,scan3,scanner,[8715700110622],0
579,580,client4,scan3,supprimer,[3245412567216],0
581,582,client4,scan3,transmission,[caisse0],1
583,584,client4,scan3,scanner,[3560070048786],0
585,586,client4,scan3,scanner,[3560070976478],0
587,588,client4,scan3,scanner,[8715700110622],0
589,590,client4,scan3,transmission,[caisse0],0
591,592,client4,scan3,abandon,[],?
593,594,client4,caisse0,ouvrirSession,[],0
978,979,client5,scan3,debloquer,[],0
980,981,client5,scan3,scanner,[3570590109324],-2
982,983,client5,scan3,scanner,[7640164630021],-2
984,985,client5,scan3,scanner,[3017620402678],0
986,987,client5,scan3,scanner,[3017620402678],0
988,989,client5,scan3,scanner,[3560070048786],0
990,991,client5,scan3,scanner,[7640164630021],-2
992,993,client5,scan3,scanner,[3245412567216],0
994,995,client5,scan3,scanner,[3017800238592],0
996,997,client5,scan3,scanner,[3474377910724],0
998,999,client5,scan3,transmission,[caisse1],1
1000,1001,client5,scan3,scanner,[3017620402678],0
1002,1003,client5,scan3,scanner,[3017620402678],0
1004,1005,client5,scan3,scanner,[3560070048786],0
1006,1007,client5,scan3,scanner,[3245412567216],0
1008,1009,client5,scan3,scanner,[3017800238592],0
1010,1011,client5,scan3,scanner,[3474377910724],0
1012,1013,client5,scan3,transmission,[caisse1],0
1014,1015,client5,scan3,abandon,[],?
1016,1017,client5,caisse1,ouvrirSession,[],0
1100,1101,client6,scan2,debloquer,[],0
1102,1103,client6,scan2,scanner,[3560070139675],0
1104,1105,client6,scan2,scanner,[3270190022534],0
1106,1107,client6,scan2,scanner,[3560070139675],0
1108,1109,client6,scan2,scanner,[3560070048786],0
1110,1111,client6,scan2,scanner,[3245412567216],0
1112,1113,client6,scan2,scanner,[3560070976478],0
1114,1115,client6,scan2,scanner,[3270190022534],0
1116,1117,client6,scan2,scanner,[3560071097424],0
1118,1119,client6,scan2,scanner,[3017620402678],0
1120,1121,client6,scan2,supprimer,[3560070139675],0
1122,1123,client6,scan2,scanner,[3560070976478],0
1124,1125,client6,scan2,scanner,[3520115810259],0
1126,1127,client6,scan2,scanner,[3245412567216],0
1128,1129,client6,scan2,transmission,[caisse1],1
1130,1131,client6,scan2,scanner,[3270190022534],0
1132,1133,client6,scan2,scanner,[3560070139675],0
1134,1135,client6,scan2,scanner,[3560070048786],0
1136,1137,client6,scan2,scanner,[3245412567216],0
1138,1139,client6,scan2,scanner,[3560070976478],0
1238,1239,client7,scan0,debloquer,[],0
1240,1241,client7,scan0,scanner,[45496420598],0
1242,1243,client7,scan0,scanner,[3570590109324],-2
1244,1245,client7,scan0,scanner,[3474377910724],0
1246,1247,client7,scan0,scanner,[3520115810259],0
1248,1249,client7,scan0,scanner,[3520115810259],0
1250,1251,client7,scan0,scanner,[3520115810259],0
1252,1253,client7,scan0,scanner,[3245412567216],0
1254,1255,client7,scan0,scanner,[3570590109324],-2
1256,1257,client7,scan0,supprimer,[3474377910724],0
1258,1259,client7,scan0,transmission,[caisse1],1
1260,1261,client7,scan0,scanner,[45496420598],0
1262,1263,client7,scan0,scanner,[3520115810259],0
1264,1265,client7,scan0,transmission,[caisse1],0
1266,1267,client7,scan0,abandon,[],?
1268,1269,client7,caisse1,ouvrirSession,[],0
1270,1271,client7,caisse1,ajouter,[3570590109324],0
1272,1273,client7,caisse1,ajouter,[3570590109324],0
1274,1275,client7,caisse1,fermerSession,[],0
1276,1277,client7,caisse1,payer,[166.51999999999998],69.63
1869,1870,client8,scan0,debloquer,[],0
1871,1872,client8,scan0,scanner,[3017620402678],0
1873,1874,client8,scan0,scanner,[7640164630021],-2
1875,1876,client8,scan0,scanner,[3560070048786],0
1877,1878,client8,scan0,scanner,[3570590109324],-2
1879,1880,client8,scan0,scanner,[8715700110622],0
1881,1882,client8,scan0,scanner,[7640164630021],-2
1883,1884,client8,scan0,scanner,[3560071097424],0
1885,1886,client8,scan0,scanner,[3560070048786],0
1887,1888,client8,scan0,scanner,[7640164630021],-2
1889,1890,client8,scan0,supprimer,[7640164630021],-2
1891,1892,client8,scan0,supprimer,[3570590109324],-2
1893,1894,client8,scan0,supprimer,[7640164630021],-2
1895,1896,client8,scan0,scanner,[3017800238592],0
1897,1898,client8,scan0,scanner,[3570590109324],-2
1899,1900,client8,scan0,scanner,[3270190022534],0
1901,1902,client8,scan0,scanner,[3017620402678],0
1903,1904,client8,scan0,transmission,[caisse0],1
1905,1906,client8,scan0,scanner,[3017620402678],0
1907,1908,client8,scan0,scanner,[3560070048786],0
1935,1936,client9,scan0,debloquer,[],0
1937,1938,client9,scan0,scanner,[3560070976478],0
1939,1940,client9,scan0,scanner,[3020120029030],0
1941,1942,client9,scan0,scanner,[3017800238592],0
1943,1944,client9,scan0,scanner,[7640164630021],-2
1945,1946,client9,scan0,scanner,[7640164630021],-2
1947,1948,client9,scan0,scanner,[45496420598],0
1949,1950,client9,scan0,scanner,[3570590109324],-2
1951,1952,client9,scan0,transmission,[caisse0],1
1953,1954,client9,scan0,scanner,[3560070976478],0
1955,1956,client9,scan0,scanner,[3020120029030],0
1957,1958,client9,scan0,scanner,[3017800238592],0
1959,1960,client9,scan0,transmission,[caisse0],0
1961,1962,client9,scan0,abandon,[],?
1963,1964,client9,caisse0,ouvrirSession,[],0
1965,1966,client9,caisse0,ajouter,[7640164630021],0
1967,1968,client9,caisse0,ajouter,[7640164630021],0
1969,1970,client9,caisse0,ajouter,[3570590109324],0
1971,1972,client9,caisse0,fermerSession,[],0
1973,1974,client9,caisse0,payer,[579.07],50.96
1975,1976,client10,scan2,debloquer,[],0
1977,1978,client10,scan2,scanner,[45496420598],0
1979,1980,client10,scan2,scanner,[3560070048786],0
1981,1982,client10,scan2,scanner,[3017620402678],0
1983,1984,client10,scan2,scanner,[3270190022534],0
1985,1986,client10,scan2,scanner,[3560070976478],0
1987,1988,client10,scan2,scanner,[3245412567216],0
1989,1990,client10,scan2,scanner,[3017620402678],0
1991,1992,client10,scan2,scanner,[8718309259938],0
1993,1994,client10,scan2,scanner,[3560070048786],0
1995,1996,client10,scan2,scanner,[3017800238592],0
1997,1998,client10,scan2,transmission,[caisse2],1
1999,2000,client10,scan2,scanner,[45496420598],0
2001,2002,client10,scan2,scanner,[3560070048786],0
2003,2004,client10,scan2,scanner,[3017620402678],0
2005,2006,client10,scan2,scanner,[3270190022534],0
2007,2008,client10,scan2,scanner,[3560070976478],0
2009,2010,client10,scan2,scanner,[3245412567216],0
2011,2012,client10,scan2,scanner,[3017620402678],0
2013,2014,client10,scan2,scanner,[8718309259938],0
2034,2035,client11,scan3,debloquer,[],0
2036,2037,client11,scan3,scanner,[3520115810259],0
2038,2039,client11,scan3,scanner,[8715700110622],0
2040,2041,client11,scan3,scanner,[3570590109324],-2
2042,2043,client11,scan3,supprimer,[3570590109324],-2
2044,2045,client11,scan3,scanner,[5410188006711],0
2046,2047,client11,scan3,scanner,[7640164630021],-2
2048,2049,client11,scan3,scanner,[3474377910724],0
2050,2051,client11,scan3,transmission,[caisse3],1
2052,2053,client11,scan3,scanner,[3520115810259],0
2054,2055,client11,scan3,scanner,[8715700110622],0
2056,2057,client11,scan3,scanner,[5410188006711],0
2058,2059,client11,scan3,transmission,[caisse3],0
2060,2061,client11,scan3,abandon,[],?
2062,2063,client11,caisse3,ouvrirSession,[],0
2064,2065,client11,caisse3,ajouter,[3570590109324],0
2066,2067,client11,caisse3,ajouter,[7640164630021],0
2068,2069,client11,caisse3,supprimer,[3570590109324],0
2070,2071,client11,caisse3,fermerSession,[],0
2072,2073,client11,caisse3,payer,[250.10000000000005],0
2454,2455,client12,scan2,debloquer,[],0
2456,2457,client12,scan2,scanner,[5410188006711],0
2458,2459,client12,scan2,supprimer,[5410188006711],0
2460,2461,client12,scan2,scanner,[3017800238592],0
2462,2463,client12,scan2,scanner,[7640164630021],-2
2464,2465,client12,scan2,supprimer,[7640164630021],-2
2466,2467,client12,scan2,scanner,[3017620402678],0
2468,2469,client12,scan2,scanner,[3245412567216],0
2470,2471,client12,scan2,scanner,[3046920010856],0
2472,2473,client12,scan2,transmission,[caisse2],1
2474,2475,client12,scan2,scanner,[3017800238592],0
2476,2477,client12,scan2,scanner,[3017620402678],0
2478,2479,client12,scan2,scanner,[3245412567216],0
2480,2481,client12,scan2,scanner,[3046920010856],0
2482,2483,client12,scan2,transmission,[caisse2],0
2484,2485,client12,scan2,abandon,[],?
2486,2487,client12,caisse2,ouvrirSession,[],0
2488,2489,client12,caisse2,ajouter,[7640164630021],0
2490,2491,client12,caisse2,supprimer,[7640164630021],0
2492,2493,client12,caisse2,fermerSession,[],0
2547,2548,client13,scan0,debloquer,[],0
2549,2550,client13,scan0,scanner,[3474377910724],0
2551,2552,client13,scan0,scanner,[3560071097424],0
2553,2554,client13,scan0,scanner,[7640164630021],-2
2555,2556,client13,scan0,scanner,[3245412567216],0
2557,2558,client13,scan0,scanner,[3560071097424],0
2559,2560,client13,scan0,scanner,[3017800238592],0
2561,2562,client13,scan0,scanner,[7640164630021],-2
2563,2564,client13,scan0,supprimer,[3474377910724],0
2565,2566,client13,scan0,scanner,[3270190022534],0
2567,2568,client13,scan0,scanner,[3270190022534],0
2569,2570,client13,scan0,scanner,[3570590109324],-2
2571,2572,client13,scan0,scanner,[3560070048786],0
2573,2574,client13,scan0,scanner,[3020120029030],0
2575,2576,client13,scan0,transmission,[caisse3],1
2577,2578,client13,scan0,scanner,[3560071097424],0
2579,2580,client13,scan0,scanner,[3245412567216],0
2581,2582,client13,scan0,scanner,[3560071097424],0
2583,2584,client13,scan0,scanner,[3017800238592],0
2585,2586,client13,scan0,scanner,[3270190022534],0
2845,2846,client14,scan2,debloquer,[],0
2847,2848,client14,scan2,scanner,[3560070048786],0
2849,2850,client14,scan2,scanner,[3520115810259],0
2851,2852,client14,scan2,scanner,[3017620402678],0
2853,2854,client14,scan2,scanner,[7640164630021],-2
2855,2856,client14,scan2,scanner,[3570590109324],-2
2857,2858,client14,scan2,scanner,[7640164630021],-2
2859,2860,client14,scan2,supprimer,[7640164630021],-2
2861,2862,client14,scan2,scanner,[3245412567216],0
2863,2864,client14,scan2,scanner,[3560071097424],0
2865,2866,client14,scan2,transmission,[caisse3],1
2867,2868,client14,scan2,scanner,[3560070048786],0
2869,2870,client14,scan2,scanner,[3520115810259],0
2871,2872,client14,scan2,scanner,[3017620402678],0
2873,2874,client14,scan2,scanner,[3245412567216],0
2875,2876,client14,scan2,scanner,[3560071097424],0
2877,2878,client14,scan2,transmission,[caisse3],0
2879,2880,client14,scan2,abandon,[],?
2881,2882,client14,caisse3,ouvrirSession,[],0
2883,2884,client14,caisse3,ajouter,[7640164630021],0
2949,2950,client15,scan2,debloquer,[],0
2951,2952,client15,scan2,scanner,[3560070976478],0
2953,2954,client15,scan2,scanner,[8718309259938],0
2955,2956,client15,scan2,scanner,[3046920010856],0
2957,2958,client15,scan2,scanner,[8715700110622],0
2959,2960,client15,scan2,scanner,[3560070139675],0
2961,2962,client15,scan2,scanner,[7640164630021],-2
2963,2964,client15,scan2,scanner,[3017620402678],0
2965,2966,client15,scan2,scanner,[8715700110622],0
2967,2968,client15,scan2,scanner,[7640164630021],-2
2969,2970,client15,scan2,scanner,[3560070976478],0
2971,2972,client15,scan2,transmission,[caisse1],1
2973,2974,client15,scan2,scanner,[3560070976478],0
2975,2976,client15,scan2,scanner,[8718309259938],0
2977,2978,client15,scan2,scanner,[3046920010856],0
2979,2980,client15,scan2,scanner,[8715700110622],0
2981,2982,client15,scan2,scanner,[3560070139675],0
2983,2984,client15,scan2,scanner,[3017620402678],0
2985,2986,client15,scan2,scanner,[8715700110622],0
2987,2988,client15,scan2,transmission,[caisse1],0
2989,2990,client16,scan1,debloquer,[],0
2991,2992,client16,scan1,scanner,[3560070976478],0
2993,2994,client16,scan1,scanner,[3560070048786],0
2995,2996,client16,scan1,scanner,[3520115810259],0
2997,2998,client16,scan1,scanner,[3560070048786],0
2999,3000,client16,scan1,scanner,[3017800238592],0
3001,3002,client16,scan1,scanner,[45496420598],0
3003,3004,client16,scan1,scanner,[7640164630021],-2
3005,3006,client16,scan1,supprimer,[7640164630021],-2
3007,3008,client16,scan1,scanner,[7640164630021],-2
3009,3010,client16,scan1,scanner,[3474377910724],0
3011,3012,client16,scan1,transmission,[caisse3],1
3013,3014,client16,scan1,scanner,[3560070976478],0
3015,3016,client16,scan1,scanner,[3560070048786],0
3017,3018,client16,scan1,scanner,[3520115810259],0
3019,3020,client16,scan1,scanner,[3560070048786],0
3021,3022,client16,scan1,scanner,[3017800238592],0
3023,3024,client16,scan1,transmission,[caisse3],0
3025,3026,client16,scan1,abandon,[],?
3027,3028,client16,caisse3,ouvrirSession,[],0
3099,3100,client17,scan1,debloquer,[],0
3101,3102,client17,scan1,scanner,[3017620402678],0
3103,3104,client17,scan1,scanner,[7640164630021],-2
3105,3106,client17,scan1,scanner,[7640164630021],-2
3107,3108,client17,scan1,scanner,[8715700110622],0
3109,3110,client17,scan1,scanner,[8715700110622],0
3111,3112,client17,scan1,scanner,[3017620402678],0
3113,3114,client17,scan1,scanner,[3245412567216],0
3115,3116,client17,scan1,supprimer,[3017620402678],0
3117,3118,client17,scan1,scanner,[7640164630021],-2
3119,3120,client17,scan1,scanner,[3017800238592],0
3121,3122,client17,scan1,supprimer,[7640164630021],-2
3123,3124,client17,scan1,supprimer,[3245412567216],0
3125,3126,client17,scan1,supprimer,[3017620402678],0
3127,3128,client17,scan1,supprimer,[7640164630021],-2
3129,3130,client17,scan1,transmission,[caisse2],1
3131,3132,client17,scan1,scanner,[8715700110622],0
3133,3134,client17,scan1,transmission,[caisse2],0
3135,3136,client17,scan1,abandon,[],?
3137,3138,client17,caisse2,ouvrirSession,[],0
3139,3140,client18,scan0,debloquer,[],0
3141,3142,client18,scan0,scanner,[3560070048786],0
3143,3144,client18,scan0,scanner,[7640164630021],-2
3145,3146,client18,scan0,scanner,[3017800238592],0
3147,3148,client18,scan0,scanner,[3560070139675],0
3149,3150,client18,scan0,scanner,[3560070976478],0
3151,3152,client18,scan0,scanner,[45496420598],0
3153,3154,client18,scan0,scanner,[3270190022534],0
3155,3156,client18,scan0,scanner,[7640164630021],-2
3157,3158,client18,scan0,supprimer,[7640164630021],-2
3159,3160,client18,scan0,supprimer,[7640164630021],-2
3161,3162,client18,scan0,supprimer,[3560070139675],0
3163,3164,client18,scan0,supprimer,[45496420598],0
3165,3166,client18,scan0,supprimer,[3560070048786],0
3167,3168,client18,scan0,transmission,[caisse2],0
3169,3170,client18,scan0,abandon,[],?
3171,3172,client18,caisse2,ouvrirSession,[],0
3173,3174,client18,caisse2,ajouter,[7640164630021],0
3175,3176,client18,caisse2,ajouter,[7640164630021],0
3177,3178,client18,caisse2,supprimer,[7640164630021],0
3336,3337,client19,scan1,debloquer,[],0
3338,3339,client19,scan1,scanner,[3046920010856],0
3340,3341,client19,scan1,scanner,[3560070139675],0
3342,3343,client19,scan1,scanner,[3560071097424],0
3344,3345,client19,scan1,scanner,[3570590109324],-2
3346,3347,client19,scan1,scanner,[3017620402678],0
3348,3349,client19,scan1,scanner,[8718309259938],0
3350,3351,client19,scan1,scanner,[3570590109324],-2
3352,3353,client19,scan1,supprimer,[3570590109324],-2
3354,3355,client19,scan1,scanner,[3017620402678],0
3356,3357,client19,scan1,scanner,[3560070048786],0
3358,3359,client19,scan1,scanner,[3020120029030],0
3360,3361,client19,scan1,scanner,[3046920010856],0
3362,3363,client19,scan1,scanner,[45496420598],0
3364,3365,client19,scan1,supprimer,[3570590109324],-2
3366,3367,client19,scan1,scanner,[3046920010856],0
3368,3369,client19,scan1,transmission,[caisse1],1
3370,3371,client19,scan1,scanner,[3046920010856],0
3372,3373,client19,scan1,scanner,[3560070139675],0
3374,3375,client19,scan1,scanner,[3560071097424],0
3533,3534,client20,scan2,debloquer,[],0
3535,3536,client20,scan2,scanner,[7640164630021],-2
3537,3538,client20,scan2,scanner,[7640164630021],-2
3539,3540,client20,scan2,scanner,[3017800238592],0
3541,3542,client20,scan2,scanner,[3560071097424],0
3543,3544,client20,scan2,scanner,[7640164630021],-2
3545,3546,client20,scan2,supprimer,[7640164630021],-2
3547,3548,client20,scan2,scanner,[5410188006711],0
3549,3550,client20,scan2,transmission,[caisse2],1
3551,3552,client20,scan2,scanner,[3017800238592],0
3553,3554,client20,scan2,scanner,[3560071097424],0
3555,3556,client20,scan2,scanner,[5410188006711],0
3557,3558,client20,scan2,transmission,[caisse2],0
3559,3560,client20,scan2,abandon,[],?
3561,3562,client20,caisse2,ouvrirSession,[],0
3563,3564,client20,caisse2,ajouter,[7640164630021],0
3565,3566,client20,caisse2,ajouter,[7640164630021],0
3567,3568,client20,caisse2,supprimer,[7640164630021],0
3569,3570,client20,caisse2,fermerSession,[],0
3571,3572,client20,caisse2,payer,[481.62999999999994],15.08
3821,3822,client21,scan2,debloquer,[],0
3823,3824,client21,scan2,scanner,[3046920010856],0
3825,3826,client21,scan2,scanner,[3245412567216],0
3827,3828,client21,scan2,scanner,[3046920010856],0
3829,3830,client21,scan2,scanner,[3017800238592],0
3831,3832,client21,scan2,scanner,[45496420598],0
3833,3834,client21,scan2,scanner,[3560070048786],0
3835,3836,client21,scan2,scanner,[8715700110622],0
3837,3838,client21,scan2,supprimer,[3245412567216],0
3839,3840,client21,scan2,scanner,[3560071097424],0
3841,3842,client21,scan2,scanner,[3560070048786],0
3843,3844,client21,scan2,transmission,[caisse0],1
3845,3846,client21,scan2,scanner,[3046920010856],0
3847,3848,client21,scan2,scanner,[3046920010856],0
3849,3850,client21,scan2,scanner,[3017800238592],0
3851,3852,client21,scan2,scanner,[45496420598],0
3853,3854,client21,scan2,scanner,[3560070048786],0
3855,3856,client21,scan2,scanner,[8715700110622],0
3857,3858,client21,scan2,transmission,[caisse0],0
3859,3860,client21,scan2,abandon,[],?
3931,3932,client22,scan0,debloquer,[],0
3933,3934,client22,scan0,scanner,[3570590109324],-2
3935,3936,client22,scan0,scanner,[3474377910724],0
3937,3938,client22,scan0,scanner,[7640164630021],-2
3939,3940,client22,scan0,scanner,[3245412567216],0
3941,3942,client22,scan0,scanner,[7640164630021],-2
3943,3944,client22,scan0,scanner,[3270190022534],0
3945,3946,client22,scan0,scanner,[3046920010856],0
3947,3948,client22,scan0,scanner,[3046920010856],0
3949,3950,client22,scan0,scanner,[3474377910724],0
3951,3952,client22,scan0,scanner,[3270190022534],0
3953,3954,client22,scan0,scanner,[3520115810259],0
3955,3956,client22,scan0,transmission,[caisse0],0
3957,3958,client22,scan0,abandon,[],?
3959,3960,client22,caisse0,ouvrirSession,[],0
3961,3962,client22,caisse0,ajouter,[3570590109324],0
3963,3964,client22,caisse0,ajouter,[7640164630021],0
3965,3966,client22,caisse0,ajouter,[7640164630021],0
3967,3968,client22,caisse0,fermerSession,[],0
3969,3970,client22,caisse0,payer,[578.81],79.19
4115,4116,client23,scan2,debloquer,[],0
4117,4118,client23,scan2,scanner,[5410188006711],0
4119,4120,client23,scan2,scanner,[3570590109324],-2
4121,4122,client23,scan2,scanner,[3245412567216],0
4123,4124,client23,scan2,scanner,[3560070139675],0
4125,4126,client23,scan2,scanner,[3560070976478],0
4127,4128,client23,scan2,scanner,[3046920010856],0
4129,4130,client23,scan2,scanner,[3560071097424],0
4131,4132,client23,scan2,supprimer,[3570590109324],-2
4133,4134,client23,scan2,scanner,[3560070976478],0
4135,4136,client23,scan2,scanner,[3017620402678],0
4137,4138,client23,scan2,transmission,[caisse0],1
4139,4140,client23,scan2,scanner,[5410188006711],0
4141,4142,client23,scan2,scanner,[3245412567216],0
4143,4144,client23,scan2,scanner,[3560070139675],0
4145,4146,client23,scan2,scanner,[3560070976478],0
4147,4148,client23,scan2,scanner,[3046920010856],0
4149,4150,client23,scan2,scanner,[3560071097424],0
4151,4152,client23,scan2,scanner,[3560070976478],0
4153,4154,client23,scan2,scanner,[3017620402678],0
4183,4184,client24,scan1,debloquer,[],0
4185,4186,client24,scan1,scanner,[3560070976478],0
4187,4188,client24,scan1,scanner,[3560070048786],0
4189,4190,client24,scan1,scanner,[3046920010856],0
4191,4192,client24,scan1,scanner,[7640164630021],-2
4193,4194,client24,scan1,scanner,[7640164630021],-2
4195,4196,client24,scan1,scanner,[3560070139675],0
4197,4198,client24,scan1,scanner,[3520115810259],0
4199,4200,client24,scan1,scanner,[3570590109324],-2
4201,4202,client24,scan1,scanner,[8715700110622],0
4203,4204,client24,scan1,scanner,[3020120029030],0
4205,4206,client24,scan1,scanner,[3245412567216],0
4207,4208,client24,scan1,supprimer,[3245412567216],0
4209,4210,client24,scan1,scanner,[3020120029030],0
4211,4212,client24,scan1,supprimer,[3560070139675],0
4213,4214,client24,scan1,supprimer,[3560070048786],0
4215,4216,client24,scan1,supprimer,[3020120029030],0
4217,4218,client24,scan1,supprimer,[3020120029030],0
4219,4220,client24,scan1,supprimer,[3046920010856],0
4221,4222,client24,scan1,scanner,[8715700110622],0
4352,4353,client25,scan2,debloquer,[],0
4354,4355,client25,scan2,scanner,[3570590109324],-2
4356,4357,client25,scan2,scanner,[3570590109324],-2
4358,4359,client25,scan2,scanner,[3520115810259],0
4360,4361,client25,scan2,scanner,[8715700110622],0
4362,4363,client25,scan2,scanner,[8715700110622],0
4364,4365,client25,scan2,scanner,[7640164630021],-2
4366,4367,client25,scan2,supprimer,[3570590109324],-2
4368,4369,client25,scan2,supprimer,[3570590109324],-2
4370,4371,client25,scan2,supprimer,[7640164630021],-2
4372,4373,client25,scan2,scanner,[8715700110622],0
4374,4375,client25,scan2,scanner,[3570590109324],-2
4376,4377,client25,scan2,scanner,[3560071097424],0
4378,4379,client25,scan2,scanner,[8715700110622],0
4380,4381,client25,scan2,transmission,[caisse2],0
4382,4383,client25,scan2,abandon,[],?
4384,4385,client25,caisse2,ouvrirSession,[],0
4386,4387,client25,caisse2,ajouter,[3570590109324],0
4388,4389,client25,caisse2,ajouter,[3570590109324],0
4390,4391,client25,caisse2,supprimer,[3570590109324],0
4499,4500,client26,scan3,debloquer,[],0
4501,4502,client26,scan3,scanner,[3560070048786],0
4503,4504,client26,scan3,scanner,[3474377910724],0
4505,4506,client26,scan3,scanner,[3020120029030],0
4507,4508,client26,scan3,scanner,[3560070976478],0
4509,4510,client26,scan3,scanner,[3245412567216],0
4511,4512,client26,scan3,scanner,[5410188006711],0
4513,4514,client26,scan3,scanner,[3017800238592],0
4515,4516,client26,scan3,scanner,[3560070048786],0
4517,4518,client26,scan3,scanner,[3474377910724],0
4519,4520,client26,scan3,scanner,[3560070976478],0
4521,4522,client26,scan3,transmission,[caisse2],1
4523,4524,client26,scan3,scanner,[3560070048786],0
4525,4526,client26,scan3,scanner,[3474377910724],0
4527,4528,client26,scan3,scanner,[3020120029030],0
4529,4530,client26,scan3,scanner,[3560070976478],0
4531,4532,client26,scan3,scanner,[3245412567216],0
4533,4534,client26,scan3,scanner,[5410188006711],0
4535,4536,client26,scan3,scanner,[3017800238592],0
4537,4538,client26,scan3,scanner,[3560070048786],0
4539,4540,client27,scan0,debloquer,[],0
4541,4542,client27,scan0,scanner,[3474377910724],0
4543,4544,client27,scan0,scanner,[3570590109324],-2
4545,4546,client27,scan0,scanner,[3520115810259],0
4547,4548,client27,scan0,scanner,[7640164630021],-2
4549,4550,client27,scan0,scanner,[3520115810259],0
4551,4552,client27,scan0,scanner,[3017800238592],0
4553,4554,client27,scan0,scanner,[3520115810259],0
4555,4556,client27,scan0,scanner,[5410188006711],0
4557,4558,client27,scan0,scanner,[3560070048786],0
4559,4560,client27,scan0,supprimer,[3570590109324],-2
4561,4562,client27,scan0,supprimer,[7640164630021],-2
4563,4564,client27,scan0,scanner,[5410188006711],0
4565,4566,client27,scan0,scanner,[7640164630021],-2
4567,4568,client27,scan0,scanner,[3020120029030],0
4569,4570,client27,scan0,supprimer,[7640164630021],-2
4571,4572,client27,scan0,scanner,[3570590109324],-2
4573,4574,client27,scan0,scanner,[3020120029030],0
4575,4576,client27,scan0,transmission,[caisse3],1
4577,4578,client27,scan0,scanner,[3474377910724],0
4722,4723,client28,scan1,debloquer,[],0
4724,4725,client28,scan1,scanner,[3560070139675],0
4726,4727,client28,scan1,scanner,[3270190022534],0
4728,4729,client28,scan1,scanner,[3046920010856],0
4730,4731,client28,scan1,scanner,[8718309259938],0
4732,4733,client28,scan1,scanner,[3245412567216],0
4734,4735,client28,scan1,scanner,[7640164630021],-2
4736,4737,client28,scan1,scanner,[7640164630021],-2
4738,4739,client28,scan1,supprimer,[7640164630021],-2
4740,4741,client28,scan1,scanner,[3474377910724],0
4742,4743,client28,scan1,scanner,[3560070976478],0
4744,4745,client28,scan1,transmission,[caisse0],1
4746,4747,client28,scan1,scanner,[3560070139675],0
4748,4749,client28,scan1,scanner,[3270190022534],0
4750,4751,client28,scan1,scanner,[3046920010856],0
4752,4753,client28,scan1,scanner,[8718309259938],0
4754,4755,client28,scan1,scanner,[3245412567216],0
4756,4757,client28,scan1,scanner,[3474377910724],0
4758,4759,client28,scan1,scanner,[3560070976478],0
4760,4761,client28,scan1,transmission,[caisse0],0
4810,4811,client29,scan2,debloquer,[],0
4812,4813,client29,scan2,scanner,[3570590109324],-2
4814,4815,client29,scan2,scanner,[3046920010856],0
4816,4817,client29,scan2,scanner,[7640164630021],-2
4818,4819,client29,scan2,scanner,[3017800238592],0
4820,4821,client29,scan2,scanner,[7640164630021],-2
4822,4823,client29,scan2,scanner,[3270190022534],0
4824,4825,client29,scan2,supprimer,[3570590109324],-2
4826,4827,client29,scan2,scanner,[3520115810259],0
4828,4829,client29,scan2,scanner,[8715700110622],0
4830,4831,client29,scan2,scanner,[3570590109324],-2
4832,4833,client29,scan2,scanner,[3560071097424],0
4834,4835,client29,scan2,supprimer,[7640164630021],-2
4836,4837,client29,scan2,transmission,[caisse1],0
4838,4839,client29,scan2,abandon,[],?
4840,4841,client29,caisse1,ouvrirSession,[],0
4842,4843,client29,caisse1,ajouter,[3570590109324],0
4844,4845,client29,caisse1,supprimer,[3570590109324],0
4846,4847,client29,caisse1,fermerSession,[],0
4848,4849,client29,caisse1,payer,[483.91999999999996],0
5009,5010,client30,scan0,debloquer,[],0
5011,5012,client30,scan0,scanner,[7640164630021],-2
5013,5014,client30,scan0,scanner,[7640164630021],-2
5015,5016,client30,scan0,scanner,[3245412567216],0
5017,5018,client30,scan0,scanner,[3560071097424],0
5019,5020,client30,scan0,scanner,[3570590109324],-2
5021,5022,client30,scan0,supprimer,[7640164630021],-2
5023,5024,client30,scan0,scanner,[3020120029030],0
5025,5026,client30,scan0,supprimer,[7640164630021],-2
5027,5028,client30,scan0,supprimer,[3570590109324],-2
5029,5030,client30,scan0,transmission,[caisse3],1
5031,5032,client30,scan0,scanner,[3245412567216],0
5033,5034,client30,scan0,scanner,[3560071097424],0
5035,5036,client30,scan0,scanner,[3020120029030],0
5037,5038,client30,scan0,transmission,[caisse3],0
5039,5040,client30,scan0,abandon,[],?
5041,5042,client30,caisse3,ouvrirSession,[],0
5043,5044,client30,caisse3,ajouter,[7640164630021],0
5045,5046,client30,caisse3,ajouter,[7640164630021],0
5047,5048,client30,caisse3,ajouter,[3570590109324],0
5136,5137,client31,scan3,debloquer,[],0
5138,5139,client31,scan3,scanner,[3017620402678],0
5140,5141,client31,scan3,scanner,[3560071097424],0
5142,5143,client31,scan3,scanner,[3520115810259],0
5144,5145,client31,scan3,scanner,[3560070976478],0
5146,5147,client31,scan3,supprimer,[3560070976478],0
5148,5149,client31,scan3,scanner,[3560070976478],0
5150,5151,client31,scan3,scanner,[3270190022534],0
5152,5153,client31,scan3,supprimer,[3017620402678],0
5154,5155,client31,scan3,scanner,[3017800238592],0
5156,5157,client31,scan3,scanner,[3570590109324],-2
5158,5159,client31,scan3,scanner,[7640164630021],-2
5160,5161,client31,scan3,scanner,[7640164630021],-2
5162,5163,client31,scan3,transmission,[caisse2],1
5164,5165,client31,scan3,scanner,[3560071097424],0
5166,5167,client31,scan3,scanner,[3520115810259],0
5168,5169,client31,scan3,scanner,[3560070976478],0
5170,5171,client31,scan3,transmission,[caisse2],0
5172,5173,client31,scan3,abandon,[],?
5174,5175,client31,caisse2,ouvrirSession,[],0
5310,5311,client32,scan2,debloquer,[],0
5312,5313,client32,scan2,scanner,[7640164630021],-2
5314,5315,client32,scan2,scanner,[3017620402678],0
5316,5317,client32,scan2,scanner,[7640164630021],-2
5318,5319,client32,scan2,scanner,[3270190022534],0
5320,5321,client32,scan2,supprimer,[7640164630021],-2
5322,5323,client32,scan2,scanner,[7640164630021],-2
5324,5325,client32,scan2,supprimer,[3017620402678],0
5326,5327,client32,scan2,scanner,[7640164630021],-2
5328,5329,client32,scan2,scanner,[3474377910724],0
5330,5331,client32,scan2,transmission,[caisse0],1
5332,5333,client32,scan2,scanner,[3270190022534],0
5334,5335,client32,scan2,scanner,[3474377910724],0
5336,5337,client32,scan2,transmission,[caisse0],0
5338,5339,client32,scan2,abandon,[],?
5340,5341,client32,caisse0,ouvrirSession,[],0
5342,5343,client32,caisse0,ajouter,[7640164630021],0
5344,5345,client32,caisse0,ajouter,[7640164630021],0
5346,5347,client32,caisse0,ajouter,[7640164630021],0
5348,5349,client32,caisse0,supprimer,[7640164630021],0
5381,5382,client33,scan2,debloquer,[],0
5383,5384,client33,scan2,scanner,[3020120029030],0
5385,5386,client33,scan2,scanner,[45496420598],0
5387,5388,client33,scan2,scanner,[3017800238592],0
5389,5390,client33,scan2,scanner,[7640164630021],-2
5391,5392,client33,scan2,scanner,[3245412567216],0
5393,5394,client33,scan2,scanner,[3520115810259],0
5395,5396,client33,scan2,scanner,[3017800238592],0
5397,5398,client33,scan2,scanner,[3570590109324],-2
5399,5400,client33,scan2,scanner,[3570590109324],-2
5401,5402,client33,scan2,supprimer,[3245412567216],0
5403,5404,client33,scan2,supprimer,[7640164630021],-2
5405,5406,client33,scan2,scanner,[3560070976478],0
5407,5408,client33,scan2,transmission,[caisse3],0
5409,5410,client33,scan2,abandon,[],?
5411,5412,client33,caisse3,ouvrirSession,[],0
5413,5414,client33,caisse3,ajouter,[7640164630021],0
5415,5416,client33,caisse3,ajouter,[3570590109324],0
5417,5418,client33,caisse3,ajouter,[3570590109324],0
5419,5420,client33,caisse3,supprimer,[7640164630021],0
5523,5524,client34,scan3,debloquer,[],0
5525,5526,client34,scan3,scanner,[7640164630021],-2
5527,5528,client34,scan3,scanner,[3560070048786],0
5529,5530,client34,scan3,scanner,[8715700110622],0
5531,5532,client34,scan3,scanner,[3017620402678],0
5533,5534,client34,scan3,scanner,[3046920010856],0
5535,5536,client34,scan3,scanner,[3046920010856],0
5537,5538,client34,scan3,scanner,[7640164630021],-2
5539,5540,client34,scan3,scanner,[8715700110622],0
5541,5542,client34,scan3,supprimer,[3560070048786],0
5543,5544,client34,scan3,supprimer,[3017620402678],0
5545,5546,client34,scan3,transmission,[caisse3],1
5547,5548,client34,scan3,scanner,[8715700110622],0
5549,5550,client34,scan3,scanner,[3046920010856],0
5551,5552,client34,scan3,transmission,[caisse3],0
5553,5554,client34,scan3,abandon,[],?
5555,5556,client34,caisse3,ouvrirSession,[],0
5557,5558,client34,caisse3,ajouter,[7640164630021],0
5559,5560,client34,caisse3,fermerSession,[],0
5561,5562,client34,caisse3,payer,[508.03],42.29
5563,5564,client35,scan2,debloquer,[],0
5565,5566,client35,scan2,scanner,[3570590109324],-2
5567,5568,client35,scan2,scanner,[7640164630021],-2
5569,5570,client35,scan2,scanner,[8715700110622],0
5571,5572,client35,scan2,scanner,[3017800238592],0
5573,5574,client35,scan2,scanner,[3570590109324],-2
5575,5576,client35,scan2,scanner,[3017620402678],0
5577,5578,client35,scan2,supprimer,[3570590109324],-2
5579,5580,client35,scan2,scanner,[8715700110622],0
5581,5582,client35,scan2,scanner,[3560070048786],0
5583,5584,client35,scan2,scanner,[7640164630021],-2
5585,5586,client35,scan2,scanner,[3520115810259],0
5587,5588,client35,scan2,transmission,[caisse0],1
5589,5590,client35,scan2,scanner,[8715700110622],0
5591,5592,client35,scan2,scanner,[3017800238592],0
5593,5594,client35,scan2,scanner,[3017620402678],0
5595,5596,client35,scan2,scanner,[8715700110622],0
5597,5598,client35,scan2,scanner,[3474377910724],-3
5599,5600,client35,scan2,abandon,[],?
5601,5602,client35,caisse0,ouvrirSession,[],0
5912,5913,client36,scan3,debloquer,[],0
5914,5915,client36,scan3,scanner,[3020120029030],0
5916,5917,client36,scan3,scanner,[3020120029030],0
5918,5919,client36,scan3,scanner,[3570590109324],-2
5920,5921,client36,scan3,scanner,[3270190022534],0
5922,5923,client36,scan3,scanner,[3474377910724],0
5924,5925,client36,scan3,scanner,[3046920010856],0
5926,5927,client36,scan3,scanner,[3560070048786],0
5928,5929,client36,scan3,transmission,[caisse1],1
5930,5931,client36,scan3,scanner,[3020120029030],0
5932,5933,client36,scan3,scanner,[3020120029030],0
5934,5935,client36,scan3,scanner,[3270190022534],0
5936,5937,client36,scan3,scanner,[3474377910724],0
5938,5939,client36,scan3,scanner,[3046920010856],0
5940,5941,client36,scan3,scanner,[3560070048786],0
5942,5943,client36,scan3,transmission,[caisse1],0
5944,5945,client36,scan3,abandon,[],?
5946,5947,client36,caisse1,ouvrirSession,[],0
5948,5949,client36,caisse1,ajouter,[3570590109324],0
5950,5951,client36,caisse1,fermerSession,[],0
5990,5991,client37,scan0,debloquer,[],0
5992,5993,client37,scan0,scanner,[3520115810259],0
5994,5995,client37,scan0,scanner,[3570590109324],-2
5996,5997,client37,scan0,scanner,[8715700110622],0
5998,5999,client37,scan0,scanner,[7640164630021],-2
6000,6001,client37,scan0,scanner,[3560070139675],0
6002,6003,client37,scan0,scanner,[7640164630021],-2
6004,6005,client37,scan0,supprimer,[3570590109324],-2
6006,6007,client37,scan0,supprimer,[7640164630021],-2
6008,6009,client37,scan0,scanner,[3520115810259],0
6010,6011,client37,scan0,supprimer,[3520115810259],0
6012,6013,client37,scan0,transmission,[caisse3],1
6014,6015,client37,scan0,scanner,[8715700110622],0
6016,6017,client37,scan0,scanner,[3560070139675],0
6018,6019,client37,scan0,scanner,[3520115810259],0
6020,6021,client37,scan0,transmission,[caisse3],0
6022,6023,client37,scan0,abandon,[],?
6024,6025,client37,caisse3,ouvrirSession,[],0
6026,6027,client37,caisse3,ajouter,[3570590109324],0
6028,6029,client37,caisse3,ajouter,[7640164630021],0
6225,6226,client38,scan2,debloquer,[],0
6227,6228,client38,scan2,scanner,[8715700110622],0
6229,6230,client38,scan2,scanner,[5410188006711],0
6231,6232,client38,scan2,scanner,[3560070048786],0
6233,6234,client38,scan2,scanner,[3560070139675],0
6235,6236,client38,scan2,scanner,[3570590109324],-2
6237,6238,client38,scan2,scanner,[7640164630021],-2
6239,6240,client38,scan2,supprimer,[3570590109324],-2
6241,6242,client38,scan2,scanner,[3570590109324],-2
6243,6244,client38,scan2,scanner,[3017620402678],0
6245,6246,client38,scan2,supprimer,[5410188006711],0
6247,6248,client38,scan2,supprimer,[7640164630021],-2
6249,6250,client38,scan2,supprimer,[3570590109324],-2
6251,6252,client38,scan2,scanner,[7640164630021],-2
6253,6254,client38,scan2,transmission,[caisse3],1
6255,6256,client38,scan2,scanner,[8715700110622],0
6257,6258,client38,scan2,supprimer,[3017620402678],0
6259,6260,client38,scan2,transmission,[caisse3],1
6261,6262,client38,scan2,scanner,[3560070048786],0
6263,6264,client38,scan2,scanner,[3560070139675],0
6334,6335,client39,scan1,debloquer,[],0
6336,6337,client39,scan1,scanner,[5410188006711],0
6338,6339,client39,scan1,scanner,[3017620402678],0
6340,6341,client39,scan1,scanner,[3020120029030],0
6342,6343,client39,scan1,scanner,[7640164630021],-2
6344,6345,client39,scan1,scanner,[3570590109324],-2
6346,6347,client39,scan1,scanner,[3046920010856],0
6348,6349,client39,scan1,supprimer,[7640164630021],-2
6350,6351,client39,scan1,supprimer,[3570590109324],-2
6352,6353,client39,scan1,scanner,[3020120029030],0
6354,6355,client39,scan1,supprimer,[3046920010856],0
6356,6357,client39,scan1,transmission,[caisse1],1
6358,6359,client39,scan1,scanner,[5410188006711],0
6360,6361,client39,scan1,scanner,[3017620402678],0
6362,6363,client39,scan1,scanner,[3020120029030],0
6364,6365,client39,scan1,scanner,[3020120029030],0
6366,6367,client39,scan1,transmission,[caisse1],0
6368,6369,client39,scan1,abandon,[],?
6370,6371,client39,caisse1,ouvrirSession,[],0
6372,6373,client39,caisse1,ajouter,[7640164630021],0
6466,6467,client40,scan0,debloquer,[],0
6468,6469,client40,scan0,scanner,[3570590109324],-2
6470,6471,client40,scan0,scanner,[3570590109324],-2
6472,6473,client40,scan0,scanner,[3245412567216],0
6474,6475,client40,scan0,scanner,[7640164630021],-2
6476,6477,client40,scan0,scanner,[3560070139675],0
6478,6479,client40,scan0,scanner,[3520115810259],0
6480,6481,client40,scan0,scanner,[7640164630021],-2
6482,6483,client40,scan0,scanner,[3245412567216],0
6484,6485,client40,scan0,transmission,[caisse2],1
6486,6487,client40,scan0,scanner,[3245412567216],0
6488,6489,client40,scan0,scanner,[3560070139675],0
6490,6491,client40,scan0,scanner,[3520115810259],0
6492,6493,client40,scan0,scanner,[3245412567216],0
6494,6495,client40,scan0,transmission,[caisse2],0
6496,6497,client40,scan0,abandon,[],?
6498,6499,client40,caisse2,ouvrirSession,[],0
6500,6501,client40,caisse2,ajouter,[3570590109324],0
6502,6503,client40,caisse2,ajouter,[3570590109324],0
6504,6505,client40,caisse2,fermerSession,[],0
6534,6535,client41,scan0,debloquer,[],0
6536,6537,client41,scan0,scanner,[7640164630021],-2
6538,6539,client41,scan0,scanner,[3020120029030],0
6540,6541,client41,scan0,scanner,[7640164630021],-2
6542,6543,client41,scan0,scanner,[8718309259938],0
6544,6545,client41,scan0,scanner,[7640164630021],-2
6546,6547,client41,scan0,scanner,[8715700110622],0
6548,6549,client41,scan0,scanner,[8718309259938],0
6550,6551,client41,scan0,supprimer,[7640164630021],-2
6552,6553,client41,scan0,supprimer,[7640164630021],-2
6554,6555,client41,scan0,scanner,[5410188006711],0
6556,6557,client41,scan0,transmission,[caisse1],1
6558,6559,client41,scan0,scanner,[],-2
6560,6561,client41,scan0,scanner,[3020120029030],0
6562,6563,client41,scan0,scanner,[8718309259938],0
6564,6565,client41,scan0,transmission,[caisse1],0
6566,6567,client41,scan0,abandon,[],?
6568,6569,client41,caisse1,ouvrirSession,[],0
6570,6571,client41,caisse1,ajouter,[7640164630021],0
6572,6573,client41,caisse1,ajouter,[7640164630021],0
6574,6575,client42,scan0,debloquer,[],0
6576,6577,client42,scan0,scanner,[3520115810259],0
6578,6579,client42,scan0,scanner,[3560070048786],0
6580,6581,client42,scan0,scanner,[3017620402678],0
6582,6583,client42,scan0,scanner,[3560070048786],0
6584,6585,client42,scan0,scanner,[3570590109324],-2
6586,6587,client42,scan0,scanner,[45496420598],0
6588,6589,client42,scan0,scanner,[3020120029030],0
6590,6591,client42,scan0,scanner,[3570590109324],-2
6592,6593,client42,scan0,scanner,[3570590109324],-2
6594,6595,client42,scan0,scanner,[5410188006711],0
6596,6597,client42,scan0,scanner,[7640164630021],-2
6598,6599,client42,scan0,scanner,[8718309259938],0
6600,6601,client42,scan0,transmission,[caisse0],0
6602,6603,client42,scan0,abandon,[],?
6604,6605,client42,caisse0,ouvrirSession,[],0
6606,6607,client42,caisse0,ajouter,[3570590109324],0
6608,6609,client42,caisse0,ajouter,[3570590109324],0
6610,6611,client42,caisse0,ajouter,[3570590109324],0
6612,6613,client42,caisse0,fermerSession,[],0
6728,6729,client43,scan2,debloquer,[],0
6730,6731,client43,scan2,scanner,[3570590109324],-2
6732,6733,client43,scan2,scanner,[7640164630021],-2
6734,6735,client43,scan2,scanner,[3020120029030],0
6736,6737,client43,scan2,scanner,[3270190022534],0
6738,6739,client43,scan2,scanner,[3570590109324],-2
6740,6741,client43,scan2,supprimer,[3570590109324],-2
6742,6743,client43,scan2,scanner,[3570590109324],-2
6744,6745,client43,scan2,scanner,[5410188006711],0
6746,6747,client43,scan2,supprimer,[7640164630021],-2
6748,6749,client43,scan2,supprimer,[3570590109324],-2
6750,6751,client43,scan2,transmission,[caisse1],0
6752,6753,client43,scan2,abandon,[],?
6754,6755,client43,caisse1,ouvrirSession,[],0
6756,6757,client43,caisse1,ajouter,[3570590109324],0
6758,6759,client43,caisse1,ajouter,[7640164630021],0
6760,6761,client43,caisse1,supprimer,[3570590109324],0
6762,6763,client43,caisse1,supprimer,[3570590109324],0
6764,6765,client43,caisse1,fermerSession,[],0
6766,6767,client43,caisse1,payer,[264.5],22.69
6921,6922,client44,scan0,debloquer,[],0
6923,6924,client44,scan0,scanner,[7640164630021],-2
6925,6926,client44,scan0,scanner,[3570590109324],-2
6927,6928,client44,scan0,scanner,[3520115810259],0
6929,6930,client44,scan0,supprimer,[3520115810259],0
6931,6932,client44,scan0,scanner,[3570590109324],-2
6933,6934,client44,scan0,scanner,[3570590109324],-2
6935,6936,client44,scan0,scanner,[3570590109324],-2
6937,6938,client44,scan0,scanner,[3474377910724],0
6939,6940,client44,scan0,supprimer,[7640164630021],-2
6941,6942,client44,scan0,scanner,[3560070139675],0
6943,6944,client44,scan0,transmission,[caisse1],0
6945,6946,client44,scan0,abandon,[],?
6947,6948,client44,caisse1,ouvrirSession,[],0
6949,6950,client44,caisse1,ajouter,[7640164630021],0
6951,6952,client44,caisse1,ajouter,[3570590109324],0
6953,6954,client44,caisse1,ajouter,[3570590109324],0
6955,6956,client44,caisse1,ajouter,[3570590109324],0
6957,6958,client44,caisse1,supprimer,[7640164630021],0
6959,6960,client44,caisse1,fermerSession,[],0
7033,7034,client45,scan2,debloquer,[],0
7035,7036,client45,scan2,scanner,[3017620402678],0
7037,7038,client45,scan2,scanner,[3245412567216],0
7039,7040,client45,scan2,scanner,[8718309259938],0
7041,7042,client45,scan2,scanner,[8715700110622],0
7043,7044,client45,scan2,scanner,[3570590109324],-2
7045,7046,client45,scan2,scanner,[3570590109324],-2
7047,7048,client45,scan2,supprimer,[3570590109324],-2
7049,7050,client45,scan2,scanner,[3020120029030],0
7051,7052,client45,scan2,scanner,[5410188006711],0
7053,7054,client45,scan2,scanner,[3017800238592],0
7055,7056,client45,scan2,scanner,[3570590109324],-2
7057,7058,client45,scan2,scanner,[3474377910724],0
7059,7060,client45,scan2,scanner,[5410188006711],0
7061,7062,client45,scan2,scanner,[3560071097424],0
7063,7064,client45,scan2,scanner,[3270190022534],0
7065,7066,client45,scan2,scanner,[3245412567216],0
7067,7068,client45,scan2,supprimer,[3570590109324],-2
7069,7070,client45,scan2,supprimer,[3570590109324],-2
7071,7072,client45,scan2,transmission,[caisse0],0
7142,7143,client46,scan0,debloquer,[],0
7144,7145,client46,scan0,scanner,[3560071097424],0
7146,7147,client46,scan0,scanner,[3560071097424],0
7148,7149,client46,scan0,supprimer,[3560071097424],0
7150,7151,client46,scan0,scanner,[3020120029030],0
7152,7153,client46,scan0,scanner,[3046920010856],0
7154,7155,client46,scan0,scanner,[3270190022534],0
7156,7157,client46,scan0,scanner,[3046920010856],0
7158,7159,client46,scan0,scanner,[3474377910724],0
7160,7161,client46,scan0,scanner,[3560070048786],0
7162,7163,client46,scan0,scanner,[3560071097424],0
7164,7165,client46,scan0,supprimer,[3270190022534],0
7166,7167,client46,scan0,supprimer,[3020120029030],0
7168,7169,client46,scan0,transmission,[caisse2],1
7170,7171,client46,scan0,scanner,[3560071097424],0
7172,7173,client46,scan0,scanner,[3046920010856],0
7174,7175,client46,scan0,scanner,[3046920010856],0
7176,7177,client46,scan0,scanner,[3474377910724],0
7178,7179,client46,scan0,scanner,[3560070048786],0
7180,7181,client46,scan0,scanner,[3560071097424],0
7245,7246,client47,scan1,debloquer,[],0
7247,7248,client47,scan1,scanner,[3560071097424],0
7249,7250,client47,scan1,scanner,[3046920010856],0
7251,7252,client47,scan1,scanner,[3560070976478],0
7253,7254,client47,scan1,scanner,[3245412567216],0
7255,7256,client47,scan1,scanner,[8718309259938],0
7257,7258,client47,scan1,scanner,[3520115810259],0
7259,7260,client47,scan1,scanner,[3560070139675],0
7261,7262,client47,scan1,scanner,[3020120029030],0
7263,7264,client47,scan1,scanner,[3017800238592],0
7265,7266,client47,scan1,scanner,[3520115810259],0
7267,7268,client47,scan1,scanner,[3046920010856],0
7269,7270,client47,scan1,scanner,[3046920010856],0
7271,7272,client47,scan1,transmission,[caisse0],1
7273,7274,client47,scan1,scanner,[3560071097424],0
7275,7276,client47,scan1,scanner,[3046920010856],0
7277,7278,client47,scan1,scanner,[3560070976478],0
7279,7280,client47,scan1,scanner,[3245412567216],0
7281,7282,client47,scan1,scanner,[8718309259938],0
7283,7284,client47,scan1,scanner,[3520115810259],0
7464,7465,client48,scan1,debloquer,[],0
7466,7467,client48,scan1,scanner,[8715700110622],0
7468,7469,client48,scan1,scanner,[3020120029030],0
7470,7471,client48,scan1,scanner,[8715700110622],0
7472,7473,client48,scan1,scanner,[7640164630021],-2
7474,7475,client48,scan1,scanner,[3560070139675],0
7476,7477,client48,scan1,scanner,[3570590109324],-2
7478,7479,client48,scan1,scanner,[3017800238592],0
7480,7481,client48,scan1,supprimer,[8715700110622],0
7482,7483,client48,scan1,scanner,[7640164630021],-2
7484,7485,client48,scan1,scanner,[3017620402678],0
7486,7487,client48,scan1,supprimer,[7640164630021],-2
7488,7489,client48,scan1,scanner,[3270190022534],0
7490,7491,client48,scan1,transmission,[caisse0],0
7492,7493,client48,scan1,abandon,[],?
7494,7495,client48,caisse0,ouvrirSession,[],0
7496,7497,client48,caisse0,ajouter,[7640164630021],0
7498,7499,client48,caisse0,ajouter,[3570590109324],0
7500,7501,client48,caisse0,supprimer,[7640164630021],0
7502,7503,client48,caisse0,fermerSession,[],0
7641,7642,client49,scan1,debloquer,[],0
7643,7644,client49,scan1,scanner,[7640164630021],-2
7645,7646,client49,scan1,scanner,[45496420598],0
7647,7648,client49,scan1,scanner,[3560070976478],0
7649,7650,client49,scan1,scanner,[3560071097424],0
7651,7652,client49,scan1,scanner,[5410188006711],0
7653,7654,client49,scan1,scanner,[7640164630021],-2
7655,7656,client49,scan1,scanner,[45496420598],0
7657,7658,client49,scan1,scanner,[7640164630021],-2
7659,7660,client49,scan1,supprimer,[7640164630021],-2
7661,7662,client49,scan1,supprimer,[7640164630021],-2
7663,7664,client49,scan1,scanner,[3520115810259],0
7665,7666,client49,scan1,supprimer,[3520115810259],0
7667,7668,client49,scan1,scanner,[45496420598],0
7669,7670,client49,scan1,transmission,[caisse3],1
7671,7672,client49,scan1,scanner,[45496420598],0
7673,7674,client49,scan1,scanner,[3560070976478],0
7675,7676,client49,scan1,scanner,[3560071097424],0
7677,7678,client49,scan1,scanner,[5410188006711],0
7679,7680,client49,scan1,transmission,[caisse3],0
7857,7858,client50,scan0,debloquer,[],0
7859,7860,client50,scan0,scanner,[3560070976478],0
7861,7862,client50,scan0,scanner,[3520115810259],0
7863,7864,client50,scan0,scanner,[3560070976478],0
7865,7866,client50,scan0,scanner,[3520115810259],0
7867,7868,client50,scan0,scanner,[3245412567216],0
7869,7870,client50,scan0,scanner,[3560071097424],0
7871,7872,client50,scan0,scanner,[3560070976478],0
7873,7874,client50,scan0,scanner,[3474377910724],0
7875,7876,client50,scan0,scanner,[3020120029030],0
7877,7878,client50,scan0,transmission,[caisse3],1
7879,7880,client50,scan0,scanner,[3560070976478],0
7881,7882,client50,scan0,scanner,[3520115810259],0
7883,7884,client50,scan0,scanner,[3560070976478],0
7885,7886,client50,scan0,scanner,[3520115810259],0
7887,7888,client50,scan0,scanner,[3245412567216],0
7889,7890,client50,scan0,scanner,[3560071097424],0
7891,7892,client50,scan0,scanner,[3560070976478],0
7893,7894,client50,scan0,transmission,[caisse3],0
7895,7896,client50,scan0,abandon,[],?
7987,7988,client51,scan2,debloquer,[],0
7989,7990,client51,scan2,scanner,[3474377910724],0
7991,7992,client51,scan2,scanner,[3560070139675],0
7993,7994,client51,scan2,scanner,[5410188006711],0
7995,7996,client51,scan2,scanner,[8715700110622],0
7997,7998,client51,scan2,scanner,[7640164630021],-2
7999,8000,client51,scan2,scanner,[3520115810259],0
8001,8002,client51,scan2,supprimer,[5410188006711],0
8003,8004,client51,scan2,transmission,[caisse0],1
8005,8006,client51,scan2,scanner,[3474377910724],0
8007,8008,client51,scan2,scanner,[3560070139675],0
8009,8010,client51,scan2,scanner,[],-2
8011,8012,client51,scan2,scanner,[8715700110622],0
8013,8014,client51,scan2,scanner,[3520115810259],0
8015,8016,client51,scan2,transmission,[caisse0],0
8017,8018,client51,scan2,abandon,[],?
8019,8020,client51,caisse0,ouvrirSession,[],0
8021,8022,client51,caisse0,ajouter,[7640164630021],0
8023,8024,client51,caisse0,fermerSession,[],0
8025,8026,client51,caisse0,payer,[249.89000000000001],0
8284,8285,client52,scan2,debloquer,[],0
8286,8287,client52,scan2,scanner,[3245412567216],0
8288,8289,client52,scan2,scanner,[3474377910724],0
8290,8291,client52,scan2,scanner,[45496420598],0
8292,8293,client52,scan2,scanner,[3570590109324],-2
8294,8295,client52,scan2,scanner,[3560070139675],0
8296,8297,client52,scan2,scanner,[7640164630021],-2
8298,8299,client52,scan2,scanner,[3245412567216],0
8300,8301,client52,scan2,transmission,[caisse2],1
8302,8303,client52,scan2,scanner,[3245412567216],0
8304,8305,client52,scan2,scanner,[3474377910724],0
8306,8307,client52,scan2,scanner,[45496420598],0
8308,8309,client52,scan2,scanner,[3560070139675],0
8310,8311,client52,scan2,scanner,[3245412567216],0
8312,8313,client52,scan2,transmission,[caisse2],0
8314,8315,client52,scan2,abandon,[],?
8316,8317,client52,caisse2,ouvrirSession,[],0
8318,8319,client52,caisse2,ajouter,[3570590109324],0
8320,8321,client52,caisse2,fermerSession,[],0
8322,8323,client52,caisse2,payer,[305.85],0
8349,8350,client53,scan3,debloquer,[],0
8351,8352,client53,scan3,scanner,[3570590109324],-2
8353,8354,client53,scan3,scanner,[7640164630021],-2
8355,8356,client53,scan3,scanner,[3245412567216],0
8357,8358,client53,scan3,scanner,[7640164630021],-2
8359,8360,client53,scan3,supprimer,[3570590109324],-2
8361,8362,client53,scan3,supprimer,[7640164630021],-2
8363,8364,client53,scan3,scanner,[3270190022534],0
8365,8366,client53,scan3,supprimer,[7640164630021],-2
8367,8368,client53,scan3,scanner,[3570590109324],-2
8369,8370,client53,scan3,scanner,[8715700110622],0
8371,8372,client53,scan3,scanner,[3046920010856],0
8373,8374,client53,scan3,transmission,[caisse2],0
8375,8376,client53,scan3,abandon,[],?
8377,8378,client53,caisse2,ouvrirSession,[],0
8379,8380,client53,caisse2,ajouter,[3570590109324],0
8381,8382,client53,caisse2,ajouter,[7640164630021],0
8383,8384,client53,caisse2,ajouter,[7640164630021],0
8385,8386,client53,caisse2,ajouter,[3570590109324],0
8387,8388,client53,caisse2,supprimer,[7640164630021],0
